doc,start,end,surfaceform,class,link,
1,148,162,Marc Langebeck,Person,http://de.dbpedia.org/resource/Marc_Langebeck,
1,17,45,Brandenburger Havelland,Location,http://de.dbpedia.org/resource/Havelland,
2,32,52,Berliner Landgericht,Location,http://de.dbpedia.org/resource/Landgericht_Berlin,
3,260,271,Rudi Bommer,Person,http://de.dbpedia.org/resource/Rudi_Bommer,
3,337,344,Lausitz,Location,http://de.dbpedia.org/resource/Lausitz,
3,559,565,Berlin,Location,http://de.dWbpedia.org/resource/Berlin,
3,570,581,Brandenburg,Location,http://de.dbpedia.org/resource/Brandenburg,
3,588,598,Hertha BSC,Organisation,http://de.dbpedia.org/resource/Hertha_BSC,
3,736,748,Union Berlin,Organisation,http://de.dbpedia.org/resource/1._FC_Union_Berlin,
3,623,637,VfR Neumünster,Organisation,http://de.dbpedia.org/resource/VfR_Neum%C3%BCnster,
3,644,661,Schlewig-Holstein,Location,http://de.dbpedia.org/resource/Schleswig-Holstein,
3,926,939,Martin Dausch,Person,http://de.dbpedia.org/resource/Martin_Dausch,
3,806,821,Alten Försterei,Location,http://de.dbpedia.org/resource/Stadion_An_der_Alten_F%C3%B6rsterei,
3,1145,1160,Benjamin Köhler,Person,http://dbpedia.org/resource/Benjamin_K%C3%B6hler,
3,1193,1214,Frankfurter Eintracht,Organisation,http://de.dbpedia.org/resource/Eintracht_Frankfurt,
3,1363,1371,Hannover,Location,http://de.dbpedia.org/resource/Hannover,
3,1713,1720,Neuhaus,Person,http://de.dbpedia.org/resource/Uwe_Neuhaus,
3,1442,1450,Kroatien,Location,http://de.dbpedia.org/resource/Kroatien,
4,63,70,Europas,Location,http://de.dbpedia.org/resource/Europa,
4,395,401,Berlin,Location,http://de.dbpedia.org/resource/Berlin,
4,678,686,Portugal,Location,http://de.dbpedia.org/resource/Portugal,
4,706,714,Mosambik,Location,http://de.dbpedia.org/resource/Mosambik,
4,1636,1639,DDR,Location,http://de.dbpedia.org/resource/Deutsche_Demokratische_Republik,
4,1664,1667,BRD,Location,http://de.dbpedia.org/resource/BRD,
5,333,351,Fußball-Bundesliga,Organisation,http://de.dbpedia.org/resource/Bundesliga,
5,18,60,Internationalen Speedminton-Verbandes,Organisation,http://de.dbpedia.org/resource/Internationale_Speed-Badminton_Organisation,
6,60,71,Brandenburg,Location,http://dbpedia.org/resource/Brandenburg,
6,131,149,Berliner Mauerpark,Location,http://de.dbpedia.org/resource/Mauerpark,
6,353,364,Schöneweide,Location,http://de.dbpedia.org/resource/Sch%C3%B6neweide,
6,597,601,Kiez,Location,http://de.dbpedia.org/resource/Kiez,
6,49,55,Berlin,Location,http://de.dbpedia.org/resource/Berlin,
7,32,53,Kronprinzessin Amalia,Person,http://de.dbpedia.org/resource/Catharina-Amalia_van_Oranje,
7,85,97,Niederlanden,Location,http://de.dbpedia.org/resource/Niederlande,
7,153,165,Neuen Kirche,Location,http://de.dbpedia.org/resource/Nieuwe_Kerk_(Amsterdam),
7,169,178,Amsterdam,Location,http://de.dbpedia.org/resource/Amsterdam,
7,238,254,Holländerviertel,Location,http://de.dbpedia.org/resource/Holl%C3%A4ndisches_Viertel,
7,258,265,Potsdam,Location,http://de.dbpedia.org/resource/Postdam,
7,278,293,Prenzlauer Berg,Location,http://de.dbpedia.org/resource/Berlin-Prenzlauer_Berg,
7,646,653,Holland,Location,http://de.dbpedia.org/resource/Holland,
7,1242,1249,Holland,Location,http://de.dbpedia.org/resource/Holland,
7,1070,1077,Holland,Location,http://de.dbpedia.org/resource/Holland,
7,854,869,Hendrik Marsman,Person,http://de.dbpedia.org/resource/Hendrik_Marsman,
7,1500,1515,Prenzlauer Berg,Location,http://de.dbpedia.org/resource/Berlin-Prenzlauer_Berg,
7,1717,1729,Rudi Carrell,Person,http://de.dbpedia.org/resource/Rudi_Carrell,
7,1493,1499,Berlin,Location,http://de.dbpedia.org/resource/Berlin,
7,2005,2011,Berlin,Location,http://de.dbpedia.org/resource/Berlin,
7,897,903,Berlin,Location,http://de.dbpedia.org/resource/Berlin,
8,244,262,Lausitzer Seenland,Location,http://de.dbpedia.org/resource/Lausitzer_Seenland,
8,528,541,Senftenberger,Location,http://de.dbpedia.org/resource/Senftenberger_See,
8,553,569,Geierswalder See,Location,http://de.dbpedia.org/resource/Geierswalder_See,
9,640,656,Tempelhofer Feld,Location,http://de.dbpedia.org/resource/Tempelhofer_Feld,
9,1105,1111,Berlin,Location,http://dbpedia.org/resource/Berlin,
9,1150,1166,Tempelhofer Feld,Location,http://de.dbpedia.org/resource/Tempelhofer_Feld,
9,1260,1269,Amsterdam,Location,http://de.dbpedia.org/resource/Amsterdam,
9,450,466,Tempelhofer Feld,Location,http://de.dbpedia.org/resource/Tempelhofer_Feld,
9,1395,1404,Amsterdam,Location,http://de.dbpedia.org/resource/Amsterdam,
9,2634,2637,CDU,Organisation,http://de.dbpedia.org/resource/Christlich_Demokratische_Union_Deutschlands,
9,3249,3252,ICC,Organisation,http://de.dbpedia.org/resource/Internationales_Congress_Centrum_Berlin,
9,998,1004,Berlin,Location,http://de.dbpedia.org/resource/Berlin,
9,3280,3283,ZLB,Organisation,http://de.dbpedia.org/resource/Zentral-_und_Landesbibliothek_Berlin,
9,1636,1642,Berlin,Location,http://de.dbpedia.org/resource/Berlin,
9,2016,2022,Berlin,Location,http://de.dbpedia.org/resource/Berlin,
10,95,120,deutsche Friedensbewegung,Organisation,http://de.dbpedia.org/resource/Friedensbewegung,
10,362,367,Obama,Person,http://de.dbpedia.org/resource/Barack_Obama,
10,837,842,Obama,Person,http://de.dbpedia.org/resource/Barack_Obama,
10,1471,1476,Obama,Person,http://de.dbpedia.org/resource/Barack_Obama,
10,1880,1885,Obama,Person,http://de.dbpedia.org/resource/Barack_Obama,
10,435,447,Berlin-Tegel,Location,http://de.dbpedia.org/resource/Flughafen_Berlin-Tegel,
10,951,954,rbb,Organisation,http://de.dbpedia.org/resource/Rundfunk_Berlin-Brandenburg,
10,1846,1859,Ritz Charlton,Organisation,http://de.dbpedia.org/resource/Ritz-Carlton,
10,1964,1977,Ritz Charlton,Organisation,http://de.dbpedia.org/resource/Ritz-Carlton,
10,2075,2092,Brandenburger Tor,Location,http://de.dbpedia.org/resource/Brandenburger_Tor,
10,2443,2458,Pariser Platzes,Location,http://de.dbpedia.org/resource/Pariser_Platz,
10,2464,2469,Spree,Location,http://de.dbpedia.org/resource/Spree,
11,1306,1324,Staatsanwaltschaft,Organisation,http://de.dbpedia.org/resource/Staatsanwaltschaft_(Deutschland),
11,1395,1413,Staatsanwaltschaft,Organisation,http://de.dbpedia.org/resource/Staatsanwaltschaft_(Deutschland),
11,20,35,Hartmut Mehdorn,Person,http://de.dbpedia.org/resource/Hartmut_Mehdorn,
11,321,333,Ludwigsfelde,Location,http://de.dbpedia.org/resource/Ludwigsfelde,
12,3691,3697,Bayern,Location,http://de.dbpedia.org/resource/Bayern,
12,3672,3683,Brandenburg,Location,http://dbpedia.org/resource/Brandenburg,
12,3707,3713,Neapel,Location,http://de.dbpedia.org/resource/Neapel,
12,237,248,Brandenburg,Location,http://dbpedia.org/resource/Brandenburg,
13,4,37,Internationale Olympische Komitee,Organisation,http://de.dbpedia.org/resource/Internationales_Olympisches_Komitee,
14,99,111,Oranienplatz,Location,http://de.dbpedia.org/resource/Oranienplatz,
14,243,250,Lietzen,Location,http://de.dbpedia.org/resource/Lietzen,
14,309,319,Bundeswehr,Organisation,http://de.dbpedia.org/resource/Bundeswehr,
14,429,438,Oderbruch,Location,http://de.dbpedia.org/resource/Oderbruch,
14,451,460,Uckermark,Location,http://de.dbpedia.org/resource/Uckermark,
14,568,583,Nollendorfplatz,Location,http://de.dbpedia.org/resource/Nollendorfplatz,
14,587,597,Schöneberg,Location,http://de.dbpedia.org/resource/Berlin-Sch%C3%B6neberg,
15,3,9,Berlin,Location,http://de.dbpedia.org/resource/Berlin,
15,761,767,Berlin,Location,http://de.dbpedia.org/resource/Berlin,
15,1052,1058,Berlin,Location,http://de.dbpedia.org/resource/Berlin,
15,82,113,Ministerpräsienten Erdogan,Person,http://dbpedia.org/resource/Recep_Tayyip_Erdo%C4%9Fan,
15,170,184,Kottbusser Tor,Location,http://de.dbpedia.org/resource/Kottbusser_Tor,
15,188,197,Kreuzberg,Location,http://de.dbpedia.org/resource/Berlin-Kreuzberg,
15,478,482,A 24,Location,http://de.dbpedia.org/resource/Bundesautobahn_24,
15,825,828,S85,Location,http://de.dbpedia.org/resource/S85,
15,1083,1099,Willem-Alexander,Person,http://de.dbpedia.org/resource/Willem-Alexander,
15,1104,1110,Maxima,Person,http://de.dbpedia.org/resource/M%C3%A1xima_der_Niederlande,
15,1116,1138,Bundeskanzlerin Merkel,Person,http://de.dbpedia.org/resource/Angela_Merkel,
15,1169,1190,Bundespräsident Gauck,Person,http://de.dbpedia.org/resource/Joachim_Gauck,
15,1239,1248,Luxemburg,Location,http://de.dbpedia.org/resource/Luxemburg,
16,219,230,Hotel Adlon,Location,http://de.dbpedia.org/resource/Hotel_Adlon,
16,437,448,Hotel Adlon,Location,http://de.dbpedia.org/resource/Hotel_Adlon,
16,372,384,Willy Bogner,Person,http://de.dbpedia.org/resource/Willy_Bogner_junior,
16,490,502,Willy Bogner,Person,http://de.dbpedia.org/resource/Willy_Bogner_junior,
16,707,719,Willy Bogner,Person,http://de.dbpedia.org/resource/Willy_Bogner_junior,
16,962,968,London,Location,http://de.dbpedia.org/resource/London,
16,1174,1218,Ex-Handballbundestrainer Heiner Brand,Person,http://de.dbpedia.org/resource/Heiner_Brand,
16,1224,1275,Bundesinnenminister Hans-Peter Friedrich,Person,http://de.dbpedia.org/resource/Hans-Peter_Friedrich,
16,1422,1439,Franz Beckenbauer,Person,http://de.dbpedia.org/resource/Franz_Beckenbauer,
16,1445,1452,München,Location,http://de.dbpedia.org/resource/M%C3%BCnchen,
16,1456,1463,München,Location,http://de.dbpedia.org/resource/M%C3%BCnchen,
17,253,276,Berliner Philharmoniker,Organisation,http://de.dbpedia.org/resource/Berliner_Philharmoniker,
17,379,383,Prag,Location,http://de.dbpedia.org/resource/Prag,
17,542,553,Prager Burg,Location,http://de.dbpedia.org/resource/Prager_Burg,
17,652,658,Dvorák,Person,http://de.dbpedia.org/resource/Anton%C3%ADn_Dvo%C5%99%C3%A1k,
18,2012,2017,Amann,Person,http://de.dbpedia.org/resource/Horst_Amann,
18,100,117,Talsperre Bautzen,Location,http://de.dbpedia.org/resource/Talsperre_Bautzen,
18,211,215,Elbe,Location,http://de.dbpedia.org/resource/Elbe,
18,240,251,Horst Amann,Person,http://de.dbpedia.org/resource/Horst_Amann,
18,607,618,Horst Amann,Person,http://de.dbpedia.org/resource/Horst_Amann,
18,464,513,Hartmut Mehdorn,Person,http://de.dbpedia.org/resource/Hartmut_Mehdorn,
18,623,638,Hartmut Mehdorn,Person,http://de.dbpedia.org/resource/Hartmut_Mehdorn,
18,1348,1360,Rainer Bomba,Person,http://de.dbpedia.org/resource/Rainer_Bomba,
18,1382,1407,Bundesverkehrsministerium,Organisation,http://de.dbpedia.org/resource/Bundesministerium_f%C3%BCr_Verkehr_und_digitale_Infrastruktur,
18,1589,1594,Amman,Person,http://de.dbpedia.org/resource/Horst_Amann,
18,1674,1679,Amman,Person,http://de.dbpedia.org/resource/Horst_Amann,
18,913,921,Mehdorns,Person,http://de.dbpedia.org/resource/Hartmut_Mehdorn,
18,1529,1541,Hauptbahnhof,Location,http://de.dbpedia.org/resource/Berlin_Hauptbahnhof,
18,1570,1577,Potsdam,Location,http://de.dbpedia.org/resource/Postdam,
18,1553,1559,Berlin,Location,http://de.dbpedia.org/resource/Berlin,
18,1684,1691,Mehdorn,Person,http://de.dbpedia.org/resource/Hartmut_Mehdorn,
18,1424,1431,Mehdorn,Person,http://de.dbpedia.org/resource/Hartmut_Mehdorn,
18,1855,1866,Horst Amann,Person,http://de.dbpedia.org/resource/Horst_Amann,
18,1694,1701,Mehdorn,Person,http://de.dbpedia.org/resource/Hartmut_Mehdorn,
19,4,27,Strecke Berlin-Hannover,Location,http://de.dbpedia.org/resource/Schnellfahrstrecke_Hannover%E2%80%93Berlin,
19,229,243,Berlin-Wedding,Location,http://de.dbpedia.org/resource/Berlin-Wedding,
19,685,711,Bildungssenatorin Scheeres,Person,http://de.dbpedia.org/resource/Sandra_Scheeres,
19,920,932,Messe Berlin,Location,http://de.dbpedia.org/resource/Messe_Berlin,
19,1023,1048,Wirtschaftssenatorin Yzer,Person,http://de.dbpedia.org/resource/Cornelia_Yzer,
19,1055,1064,City Cube,Location,http://de.dbpedia.org/resource/CityCube_Berlin,
19,1091,1107,Deutschlandhalle,Location,http://de.dbpedia.org/resource/Deutschlandhalle,
19,610,616,Berlin,Location,http://de.dbpedia.org/resource/Berlin,
19,1384,1395,Walter Jens,Person,http://de.dbpedia.org/resource/Walter_Jens,
19,1468,1476,Tübingen,Location,http://de.dbpedia.org/resource/T%C3%BCbingen,
19,1210,1213,ICC,Location,http://de.dbpedia.org/resource/Internationales_Congress_Centrum_Berlin,
20,135,149,Olympiastadion,Location,http://de.dbpedia.org/resource/Olympiastadion_Berlin,
20,162,183,Reiter-Olympiastadion,Location,http://de.dbpedia.org/resource/Olympia-Reiterstadion_Berlin,
20,1333,1344,Deutschland,Location,http://de.dbpedia.org/resource/Deustchland,
20,1411,1422,Deutschland,Location,http://de.dbpedia.org/resource/Deustchland,
20,857,883,Reitstadion am Olympiapark,Location,http://de.dbpedia.org/resource/Olympia-Reiterstadion_Berlin,
21,0,41,Bundesforschungsministerin Johanna Wanka,Person,http://de.dbpedia.org/resource/Johanna_Wanka,
21,567,578,Brandenburg,Location,http://dbpedia.org/resource/Brandenburg,
21,1150,1162,Birkenwerder,Location,http://de.dbpedia.org/resource/Birkenwerder,
21,1941,1953,Birkenwerder,Location,http://de.dbpedia.org/resource/Birkenwerder,
21,1244,1251,Storkow,Location,http://de.dbpedia.org/resource/Storkow_(Mark),
22,1243,1254,Deutschland,Location,http://de.dbpedia.org/resource/Deutschland,
22,279,291,Frank Henkel,Person,http://de.dbpedia.org/resource/Frank_Henkel,
22,1059,1065,Berlin,Location,http://de.dbpedia.org/resource/Berlin,
22,1340,1346,Berlin,Location,http://de.dbpedia.org/resource/Berlin,
22,1462,1468,Berlin,Location,http://de.dbpedia.org/resource/Berlin,
23,1474,1482,Bukarest,Location,http://de.dbpedia.org/resource/Bukarest,
23,258,264,Berlin,Location,http://de.dbpedia.org/resource/Berlin,
23,1572,1580,Rumänien,Location,http://de.dbpedia.org/resource/Rum%C3%A4nien,
23,202,218,Flughafens Tegel,Location,http://de.dbpedia.org/resource/Flughafen_Berlin-Tegel,
24,68,84,aturkundemuseum.,Location,http://de.dbpedia.org/resource/Museum_f%C3%BCr_Naturkunde_(Berlin),
24,281,289,iesdorf,Location,http://de.dbpedia.org/resource/Berlin-Biesdorf,
24,1882,1893,ellersdorf.,Location,http://de.dbpedia.org/resource/Bezirk_Marzahn-Hellersdorf,
25,105,111,Berlin,Location,http://de.dbpedia.org/resource/Berlin,
25,225,232,Potsdam,Location,http://de.dbpedia.org/resource/Postdam,
25,2237,2248,Brandenburg,Location,http://de.dbpedia.org/resource/Brandenburg,
25,56,67,Brandenburg,Location,http://de.dbpedia.org/resource/Brandenburg,
25,716,723,Ukraine,Location,http://de.dbpedia.org/resource/Ukraine,
25,743,749,Lübben,Location,http://de.dbpedia.org/resource/L%C3%BCbben_(Spreewald),
25,2400,2406,Lübben,Location,http://de.dbpedia.org/resource/L%C3%BCbben_(Spreewald),
26,995,1014,Heizkraftwerk Rudow,Location,http://de.dbpedia.org/resource/Heizkraftwerk_Berlin-Rudow,
26,475,483,Prignitz,Location,http://de.dbpedia.org/resource/Prignitz,
26,686,696,Air Berlin,Organisation,http://de.dbpedia.org/resource/Air_Berlin,
26,749,768,Vereinigung Cockpit,Entity,http://de.dbpedia.org/resource/Vereinigung_Cockpit,
26,1452,1460,Haßleben,Location,http://de.dbpedia.org/resource/Ha%C3%9Fleben,
26,1541,1570,Landesamtes für Umweltschutz,Organisation,http://de.dbpedia.org/resource/Landesamt_f%C3%BCr_Umwelt_Landwirtschaft_und_Geologie,
26,421,429,Platzeck,Person,http://de.dbpedia.org/resource/Matthias_Platzeck,
26,255,290,Ministerpräsident Platzeck,Person,http://de.dbpedia.org/resource/Matthias_Platzeck,
27,210,222,Monbijoupark,Location,http://de.dbpedia.org/resource/Monbijoupark,
27,2374,2380,Tafeln,Organisation,http://de.dbpedia.org/resource/Tafel_(Organisation),
28,183,187,Elbe,Location,http://de.dbpedia.org/resource/Elbe,
28,75,90,Bad Liebenwerda,Location,http://de.dbpedia.org/resource/Bad_Liebenwerda,
28,816,820,Elbe,Location,http://de.dbpedia.org/resource/Elbe,
28,113,121,Herzberg,Location,http://de.dbpedia.org/resource/Herzberg,
28,196,212,Schwarzen Elster,,http://de.dbpedia.org/resource/Schwarze_Elster,
28,426,431,Spree,Location,http://de.dbpedia.org/resource/Spree,
28,435,442,Cottbus,Location,http://de.dbpedia.org/resource/Cottbus,
29,449,456,Charite,Organisation,http://de.dbpedia.org/resource/H%C3%B4pital_de_la_Charit%C3%A9,
29,757,764,Charite,Organisation,http://de.dbpedia.org/resource/H%C3%B4pital_de_la_Charit%C3%A9,
29,843,850,Charite,Organisation,http://de.dbpedia.org/resource/H%C3%B4pital_de_la_Charit%C3%A9,
29,1418,1425,Charite,Organisation,http://de.dbpedia.org/resource/H%C3%B4pital_de_la_Charit%C3%A9,
29,1500,1507,Charite,Organisation,http://de.dbpedia.org/resource/H%C3%B4pital_de_la_Charit%C3%A9,
29,1679,1686,Charite,Organisation,http://de.dbpedia.org/resource/H%C3%B4pital_de_la_Charit%C3%A9,
29,2217,2224,Charite,Organisation,http://de.dbpedia.org/resource/H%C3%B4pital_de_la_Charit%C3%A9,
29,484,489,Mitte,Location,http://de.dbpedia.org/resource/Berlin-Mitte,
29,954,959,Mitte,Location,http://de.dbpedia.org/resource/Berlin-Mitte,
29,1937,1951,Campus Virchow,Location,http://de.dbpedia.org/resource/Rudolf-Virchow-Krankenhaus,
29,2296,2302,Berlin,Location,http://de.dbpedia.org/resource/Berlin,
29,612,618,Berlin,Location,http://de.dbpedia.org/resource/Berlin,
30,278,286,Istanbul,Location,http://de.dbpedia.org/resource/Istambul,
30,369,378,Gezi-Park,Location,http://de.dbpedia.org/resource/Gezi-Park,
30,591,603,Taksim-Platz,Location,http://de.dbpedia.org/resource/Taksim-Platz,
30,743,752,Kreuzberg,Location,http://de.dbpedia.org/resource/Berlin-Kreuzberg,
31,590,616,Deutsche Gewerkschaftsbund,Organisation,http://de.dbpedia.org/resource/Deutscher_Gewerkschaftsbund,
31,624,636,Berlin-Mitte,Location,http://de.dbpedia.org/resource/Berlin-Mitte,
31,654,661,Potsdam,Location,http://de.dbpedia.org/resource/Postdam,
31,670,677,Cottbus,Location,http://de.dbpedia.org/resource/Cottbus,
31,2024,2030,Berlin,Location,http://de.dbpedia.org/resource/Berlin,
31,882,885,BVG,Organisation,http://de.dbpedia.org/resource/BVG,
31,2363,2406,Gewerkschaft für Erziehung und Wissenschaft,Organisation,http://de.dbpedia.org/resource/Gewerkschaft_Erziehung_und_Wissenschaft,
31,2158,2169,Brandenburg,Location,http://de.dbpedia.org/resource/Brandenburg,
31,2408,2411,GEW,Organisation,http://de.dbpedia.org/resource/Gewerkschaft_Erziehung_und_Wissenschaft,
32,1230,1233,DHL,Organisation,http://de.dbpedia.org/resource/Berlin,
32,296,307,Deutschland,Location,http://de.dbpedia.org/resource/Deutschland,
32,551,567,Post-Tochter DHL,Organisation,http://de.dbpedia.org/resource/DHL,
32,633,639,Berlin,Location,http://de.dbpedia.org/resource/Berlin,
32,1302,1308,Berlin,Location,http://de.dbpedia.org/resource/Berlin,
32,731,736,Mitte,Location,http://de.dbpedia.org/resource/Berlin-Mitte,
32,1587,1593,Berlin,Location,http://de.dbpedia.org/resource/Berlin,
33,352,384,ostdeutsche Rosengarten in Forst,Location,http://de.dbpedia.org/resource/Ostdeutscher_Rosengarten_Forst_(Lausitz),
34,72,87,Friedrichshafen,Location,http://de.dbpedia.org/resource/Friedrichshafen,
34,451,454,NSU,Organisation,http://de.dbpedia.org/resource/NSU,
34,919,927,Mercedes,Organisation,http://de.dbpedia.org/resource/Mercedes-Benz,
34,938,956,Berlin-Marienfelde,Location,http://de.dbpedia.org/resource/Berlin-Marienfelde,
34,1021,1030,IG Metall,Organisation,http://de.dbpedia.org/resource/IG-Metall,
34,1126,1143,Brandenburger Tor,Location,http://de.dbpedia.org/resource/Brandenburger_Tor,
34,1349,1363,Bayern München,Organisation,http://de.dbpedia.org/resource/FC_Bayern_M%C3%BCnchen,
34,1408,1428,Berliner Landgericht,Location,http://de.dbpedia.org/resource/Landgericht_Berlin,
34,1577,1584,Spandau,Location,http://de.dbpedia.org/resource/Berlin-Spandau,
35,402,413,Deutschland,Location,http://de.dbpedia.org/resource/Deutschland,
35,202,208,Berlin,Location,http://de.dbpedia.org/resource/Berlin,
35,144,153,Stuttgart,Location,http://de.dbpedia.org/resource/Stuttgart,
35,1251,1267,Bundeskartellamt,Organisation,http://de.dbpedia.org/resource/Bundeskartellamt,
36,217,228,Wittenberge,Location,http://de.dbpedia.org/resource/Wittenberge,
36,236,244,Prignitz,Location,http://de.dbpedia.org/resource/Prignitz,
36,271,293,Bundeskanzlerin Merkel,Person,http://de.dbpedia.org/resource/Angela_Merkel,
37,138,152,Kurfürstendamm,Location,http://de.dbpedia.org/resource/Kurf%C3%BCrstendamm,
37,158,166,Premnitz,Location,http://de.dbpedia.org/resource/Premnitz,
37,250,258,Dänemark,Location,http://de.dbpedia.org/resource/D%C3%A4nemark,
37,414,420,Berlin,Location,http://de.dbpedia.org/resource/Berlin,
37,580,590,Österreich,Location,http://de.dbpedia.org/resource/%C3%96sterreich,
37,597,604,Schweiz,Location,http://de.dbpedia.org/resource/Schweiz,
37,606,616,Tschechien,Location,http://de.dbpedia.org/resource/Tschechien,
37,618,623,Chile,Location,http://de.dbpedia.org/resource/Chile,
37,632,638,Türkei,Location,http://de.dbpedia.org/resource/T%C3%BCrkei,
38,168,183,Gendarmen Markt,Location,http://de.dbpedia.org/resource/Gendarmenmarkt,
38,230,240,Ulli Zelle,Person,http://de.dbpedia.org/resource/Ulli_Zelle,
38,300,304,Ulli,Person,http://de.dbpedia.org/resource/Ulli_Zelle,
39,100,108,Snowdens,Person,http://de.dbpedia.org/resource/Edward_Snowden,
39,326,332,Berlin,Location,http://de.dbpedia.org/resource/Berlin,
39,636,642,Berlin,Location,http://de.dbpedia.org/resource/Berlin,
39,558,580,US-Botschafters Murphy,Person,http://de.dbpedia.org/resource/Philip_D._Murphy,
39,923,940,Philipp D. Murphy,Person,http://de.dbpedia.org/resource/Philip_D._Murphy,
39,1029,1040,Deutschland,Location,http://de.dbpedia.org/resource/Deutschland,
39,1455,1466,Deutschland,Location,http://de.dbpedia.org/resource/Deutschland,
39,1863,1874,Deutschland,Location,http://de.dbpedia.org/resource/Deutschland,
39,1908,1919,Deutschland,Location,http://de.dbpedia.org/resource/Deutschland,
39,2744,2755,Deutschland,Location,http://de.dbpedia.org/resource/Deutschland,
39,1475,1478,USA,Location,http://de.dbpedia.org/resource/Vereinigte_Staaten,
39,1898,1901,USA,Location,http://de.dbpedia.org/resource/Vereinigte_Staaten,
39,1652,1655,USA,Location,http://de.dbpedia.org/resource/Vereinigte_Staaten,
39,1967,1970,USA,Location,http://de.dbpedia.org/resource/Vereinigte_Staaten,
39,2757,2763,London,Location,http://de.dbpedia.org/resource/London,
39,2727,2742,Brooklyn Bridge,Location,http://de.dbpedia.org/resource/Brooklyn_Bridge,
40,1594,1612,Bundesanwaltschaft,Organisation,http://de.dbpedia.org/resource/Bundesanwaltschaft,
40,322,338,Innenministerium,Organisation,http://de.dbpedia.org/resource/Innenministerium,
40,1384,1387,RAZ,Organisation,http://de.dbpedia.org/resource/Revolution%C3%A4re_Aktionszellen,
40,743,749,Berlin,Location,http://de.dbpedia.org/resource/Berlin,
40,937,964,Revolutionäre Aktionszellen,Organisation,http://de.dbpedia.org/resource/Revolution%C3%A4re_Aktionszellen,
40,981,984,RAZ,Organisation,http://de.dbpedia.org/resource/Revolution%C3%A4re_Aktionszellen,
40,1039,1048,Magdeburg,Location,http://de.dbpedia.org/resource/Magdeburg,
40,1053,1062,Stuttgart,Location,http://de.dbpedia.org/resource/Stuttgart,
40,1098,1126,Revolutionären Aktionszellen,Organisation,http://de.dbpedia.org/resource/Revolution%C3%A4re_Aktionszellen,
40,1402,1425,Innenminister Friedrich,Person,http://de.dbpedia.org/resource/Hans-Peter_Friedrich,
40,1527,1545,Bundesanwaltschaft,Organisation,http://de.dbpedia.org/resource/Bundesanwaltschaft,
40,1010,1028,Bundesanwaltschaft,Organisation,http://de.dbpedia.org/resource/Bundesanwaltschaft,
41,1570,1580,Arbeitsamt,Organisation,http://de.dbpedia.org/resource/Bundesagentur_f%C3%BCr_Arbeit,
41,346,352,Berlin,Location,http://de.dbpedia.org/resource/Berlin,
41,1904,1910,Berlin,Location,http://de.dbpedia.org/resource/Berlin,
41,2318,2322,Kuba,Location,http://de.dbpedia.org/resource/Kuba,
41,2328,2339,Deutschland,Location,http://de.dbpedia.org/resource/Deutschland,
41,1418,1425,Charite,Organisation,http://de.dbpedia.org/resource/Charit%C3%A9,
42,145,155,Soko Villa,Organisation,http://de.dbpedia.org/resource/Sonderkommission,
42,175,184,Bundestag,Organisation,http://de.dbpedia.org/resource/Deutscher_Bundestag,
42,558,564,Berlin,Location,http://de.dbpedia.org/resource/Berlin,
42,1367,1373,Berlin,Location,http://de.dbpedia.org/resource/Berlin,
42,640,650,Schöneberg,Location,http://de.dbpedia.org/resource/Berlin-Sch%C3%B6neberg,
42,1477,1487,Schöneberg,Location,http://de.dbpedia.org/resource/Berlin-Sch%C3%B6neberg,
43,220,228,Vodafone,Organisation,http://de.dbpedia.org/resource/Vodafone,
43,436,444,Vodafone,Organisation,http://de.dbpedia.org/resource/Vodafone,
43,1441,1449,Vodafone,Organisation,http://de.dbpedia.org/resource/Vodafone,
43,310,316,Berlin,Location,http://de.dbpedia.org/resource/Berlin,
43,1538,1544,Berlin,Location,http://de.dbpedia.org/resource/Berlin,
43,321,332,Brandenburg,Location,http://de.dbpedia.org/resource/Brandenburg,
43,507,513,Urania,Location,http://de.dbpedia.org/resource/Urania_(Berlin),
43,1186,1195,Tempelhof,Location,http://de.dbpedia.org/resource/Flughafen_Berlin-Tempelhof,
43,1243,1251,Rumänien,Location,http://de.dbpedia.org/resource/Rum%C3%A4nien,
43,1602,1612,Stahnsdorf,Location,http://de.dbpedia.org/resource/Stahnsdorf,
44,265,271,Berlin,Location,http://de.dbpedia.org/resource/Berlin,
44,282,293,Brandenburg,Location,http://de.dbpedia.org/resource/Brandenburg,
44,86,89,NPD,Organisation,http://de.dbpedia.org/resource/Nationaldemokratische_Partei_Deutschlands,
44,411,422,Brandenburg,Location,http://de.dbpedia.org/resource/Brandenburg,
44,116,123,Berlins,Location,http://de.dbpedia.org/resource/Berlin,
44,726,750,Bildungsministerin Münch,Person,http://de.dbpedia.org/resource/Martina_M%C3%BCnch,
45,111,130,Hans Jürgen Pohmann,Person,http://de.dbpedia.org/resource/Hans-J%C3%BCrgen_Pohmann,
45,182,201,Hans Jürgen Pohmann,Person,http://de.dbpedia.org/resource/Hans-J%C3%BCrgen_Pohmann,
45,311,318,Lisicki,Person,http://de.dbpedia.org/resource/Sabine_Lisicki,
45,578,585,Lisicki,Person,http://de.dbpedia.org/resource/Sabine_Lisicki,
45,501,505,Graf,Person,http://de.dbpedia.org/resource/Steffi_Graf,
45,511,517,Becker,Person,http://de.dbpedia.org/resource/Boris_Becker,
45,542,553,Deutschland,Location,http://de.dbpedia.org/resource/Deutschland,
46,460,466,Grimma,Location,http://de.dbpedia.org/resource/Grimma,
46,127,138,Wittenberge,Location,http://de.dbpedia.org/resource/Wittenberge,
46,1012,1015,BSR,Organisation,http://de.dbpedia.org/resource/BSR,
46,361,384,Berliner Wasserbetriebe,Organisation,http://de.dbpedia.org/resource/Berliner_Wasserbetriebe,
46,449,455,Döbeln,Location,http://de.dbpedia.org/resource/D%C3%B6beln,
47,148,155,Holland,Location,http://de.dbpedia.org/resource/Holland,
47,226,239,Füchse Berlin,Organisation,http://de.dbpedia.org/resource/F%C3%BCchse_Berlin,
47,468,475,3. Liga,Organisation,http://de.dbpedia.org/resource/3._Liga,
47,111,117,Berlin,Location,http://de.dbpedia.org/resource/Berlin,
47,352,379,Rhein-Neckar Löwen,Organisation,http://de.dbpedia.org/resource/Rhein-Neckar_L%C3%B6wen,
47,482,495,SV Babelsberg,Organisation,http://de.dbpedia.org/resource/SV_Babelsberg_03,
47,516,533,Borussia Dortmund,Organisation,http://de.dbpedia.org/resource/Borussia_Dortmund,
48,1257,1272,Jüdische Museum,Location,http://de.dbpedia.org/resource/J%C3%BCdisches_Museum_Berlin,
48,1200,1206,Werder,Location,http://de.dbpedia.org/resource/Berlin-Friedrichswerder,
48,1409,1415,Werder,Location,http://de.dbpedia.org/resource/Berlin-Friedrichswerder,
48,1583,1591,Cottbuss,Location,http://de.dbpedia.org/resource/Cottbus,
48,1606,1618,Hells Angels,Organisation,http://de.dbpedia.org/resource/Hells_Angels,
48,1854,1865,Brandenburg,Location,http://de.dbpedia.org/resource/Brandenburg,
48,1935,1946,Brandenburg,Location,http://de.dbpedia.org/resource/Brandenburg,
48,2188,2199,Brandenburg,Location,http://de.dbpedia.org/resource/Brandenburg,
49,288,303,Prenzlauer Berg,Location,http://de.dbpedia.org/resource/Berlin-Prenzlauer_Berg,
49,539,568,Entertainerin Dagmar Frederic,Person,http://de.dbpedia.org/resource/Dagmar_Frederic,
49,574,605,Eiskunstlauf-Star Katarina Witt,Person,http://de.dbpedia.org/resource/Katarina_Witt,
49,617,638,Ronald Mc Donald Haus,Location,http://de.dbpedia.org/resource/McDonald%E2%80%99s_Kinderhilfe,
49,650,669,Carl Thiem Klinikum,Organisation,http://de.dbpedia.org/resource/Carl-Thiem-Klinikum_Cottbus,
49,1030,1043,Berliner Doms,Location,http://de.dbpedia.org/resource/Berliner_Dom,
50,344,349,A 115,Location,http://de.dbpedia.org/resource/Bundesautobahn_115,
50,422,455,Dreieck Nuthetal und Kleinmachnow,Location,http://de.dbpedia.org/resource/Bundesautobahn_115,
50,476,483,Nordsee,Location,http://de.dbpedia.org/resource/Nordsee,
50,916,922,Ostsee,Location,http://de.dbpedia.org/resource/Ostsee,
50,1085,1091,Ostsee,Location,http://de.dbpedia.org/resource/Ostsee,
50,1129,1138,Flensburg,Location,http://de.dbpedia.org/resource/Flensburg,
50,1198,1204,Usedom,Location,http://de.dbpedia.org/resource/Usedom,
51,94,110,Abgeordnetenhaus,Organisation,http://de.dbpedia.org/resource/Abgeordnetenhaus_von_Berlin,
51,410,423,Stadtautobahn,Location,http://de.dbpedia.org/resource/Bundesautobahn_100,
51,460,476,Dreieck Funkturm,Location,http://de.dbpedia.org/resource/Autobahndreieck_Funkturm,
51,697,713,Dreieck Funkturm,Location,http://de.dbpedia.org/resource/Autobahndreieck_Funkturm,
51,1240,1256,Dreieck Funkturm,Location,http://de.dbpedia.org/resource/Autobahndreieck_Funkturm,
51,937,942,Messe,Location,http://de.dbpedia.org/resource/Messe_Berlin,
51,1752,1757,Messe,Location,http://de.dbpedia.org/resource/Messe_Berlin,
51,992,1004,Deutschlands,Location,http://de.dbpedia.org/resource/Deutschland,
51,1306,1314,Halensee,Location,http://de.dbpedia.org/resource/Halensee,
51,572,579,Europas,Location,http://de.dbpedia.org/resource/Europa,
51,1360,1369,Messedamm,Location,http://de.dbpedia.org/resource/U-Bahnhof_Kaiserdamm,
51,1648,1684,Anschlussstelle Kaiserdamm,Location,http://de.dbpedia.org/resource/U-Bahnhof_Kaiserdamm,
51,1430,1456,Anschlussstelle Kaiserdamm,Location,http://de.dbpedia.org/resource/U-Bahnhof_Kaiserdamm,
52,184,187,CIA,Organisation,http://de.dbpedia.org/resource/Central_Intelligence_Agency,
52,811,817,Ostsee,Location,http://de.dbpedia.org/resource/Ostsee,
54,963,974,Burghausens,Organisation,http://de.dbpedia.org/resource/Wacker_Burghausen,
54,265,278,SV Babelsberg,Organisation,http://de.dbpedia.org/resource/SV_Babelsberg_03,
54,326,349,Karl-Liebknecht-Stadion,Location,http://de.dbpedia.org/resource/Karl-Liebknecht-Stadion,
54,1042,1052,Babelsberg,Organisation,http://de.dbpedia.org/resource/SV_Babelsberg_03,
54,975,984,Omodiagbe,Person,http://de.dbpedia.org/resource/Darlington_Omodiagbe,
54,380,397,Wacker Burghausen,Organisation,http://de.dbpedia.org/resource/Wacker_Burghausen,
54,542,559,Wacker Burghausen,Organisation,http://de.dbpedia.org/resource/Wacker_Burghausen,
54,505,517,Almedin Civa,Person,http://de.dbpedia.org/resource/Almedin_Civa,
54,467,478,Babelsbergs,Organisation,http://de.dbpedia.org/resource/SV_Babelsberg_03,
54,722,732,Burghausen,Organisation,http://de.dbpedia.org/resource/Wacker_Burghausen,
54,1378,1388,Babelsberg,Organisation,http://de.dbpedia.org/resource/SV_Babelsberg_03,
54,1417,1427,Babelsberg,Organisation,http://de.dbpedia.org/resource/SV_Babelsberg_03,
54,867,872,Essig,Person,http://de.dbpedia.org/resource/Almedin_Civa,
54,1239,1251,Almedin Civa,Person,http://de.dbpedia.org/resource/Almedin_Civa,
55,154,162,Mühlberg,Location,http://de.dbpedia.org/resource/M%C3%BChlberg,
55,177,182,Spree,Location,http://de.dbpedia.org/resource/Spree,
55,389,394,Spree,Location,http://de.dbpedia.org/resource/Spree,
55,1841,1846,Spree,Location,http://de.dbpedia.org/resource/Spree,
55,241,250,Spremberg,Location,http://de.dbpedia.org/resource/Spremberg,
55,720,729,Spremberg,Location,http://de.dbpedia.org/resource/Spremberg,
55,1417,1426,Spremberg,Location,http://de.dbpedia.org/resource/Spremberg,
55,883,902,Talsperre Spremberg,Location,http://de.dbpedia.org/resource/Talsperre_Spremberg,
55,1251,1270,Talsperre Spremberg,Location,http://de.dbpedia.org/resource/Talsperre_Spremberg,
55,1103,1124,Spremberger Talsperre,Location,http://de.dbpedia.org/resource/Talsperre_Spremberg,
55,944,951,Cottbus,Location,http://de.dbpedia.org/resource/Cottbus,
55,856,863,Cottbus,Location,http://de.dbpedia.org/resource/Cottbus,
55,1235,1242,Cottbus,Location,http://de.dbpedia.org/resource/Cottbus,
55,963,970,Cottbus,Location,http://de.dbpedia.org/resource/Cottbus,
55,1707,1714,Cottbus,Location,http://de.dbpedia.org/resource/Cottbus,
55,1448,1455,Cottbus,Location,http://de.dbpedia.org/resource/Cottbus,
55,1325,1332,Sachsen,Location,http://de.dbpedia.org/resource/Sachsen,
56,102,112,Babelsberg,Organisation,http://de.dbpedia.org/resource/SV_Babelsberg_03,
56,263,285,Cottbuser Sportzentrum,Location,http://de.dbpedia.org/resource/Max-Reimann-Stadion,
56,352,357,Polen,Location,http://de.dbpedia.org/resource/Polen,
56,359,369,Tschechien,Location,http://de.dbpedia.org/resource/Tschechien,
56,374,384,Frankreich,Location,http://de.dbpedia.org/resource/Frankreich,
56,438,452,Kristina Vogel,Person,http://de.dbpedia.org/resource/Kristina_Vogel,
56,1184,1198,Kristina Vogel,Person,http://de.dbpedia.org/resource/Kristina_Vogel,
56,473,488,Maximilian Levy,Person,http://de.dbpedia.org/resource/Maximilian_Levy,
56,546,561,Maximilian Levy,Person,http://de.dbpedia.org/resource/Maximilian_Levy,
56,459,465,Erfurt,Location,http://de.dbpedia.org/resource/Erfurt,
56,1203,1209,Erfurt,Location,http://de.dbpedia.org/resource/Erfurt,
56,263,270,Cottbus,Location,http://de.dbpedia.org/resource/Cottbus,
56,566,573,Cottbus,Location,http://de.dbpedia.org/resource/Cottbus,
56,730,743,Max Niederlag,Person,http://de.dbpedia.org/resource/Max_Niederlag,
56,684,690,London,Location,http://de.dbpedia.org/resource/London,
56,1090,1094,Levy,Person,http://de.dbpedia.org/resource/Maximilian_Levy,
56,783,787,Levy,Person,http://de.dbpedia.org/resource/Maximilian_Levy,
56,1140,1157,Robert Förstemann,Person,http://de.dbpedia.org/resource/Robert_F%C3%B6rstemann,
56,1122,1128,Berlin,Location,http://de.dbpedia.org/resource/Berlin,
56,1330,1341,RSC Cottbus,Organisation,http://de.dbpedia.org/resource/RSC_Cottbus,
57,65,73,Rollfeld,Location,http://de.dbpedia.org/resource/Rollfeld,
57,78,105,Spandauer Schifffahrtskanal,Location,http://de.dbpedia.org/resource/Berlin-Spandauer_Schifffahrtskanal,
57,594,601,Potsdam,Location,http://de.dbpedia.org/resource/Postdam,
57,1620,1632,Neu Fahrland,Location,http://de.dbpedia.org/resource/Neu_Fahrland,
58,260,275,Gendarmen-Markt,Location,http://de.dbpedia.org/resource/Gendarmenmarkt,
58,280,290,Ulli Zelle,Person,http://de.dbpedia.org/resource/Ulli_Zelle,
58,446,455,Falkensee,Location,http://de.dbpedia.org/resource/Falkensee,
58,1480,1489,Falkensee,Location,http://de.dbpedia.org/resource/Falkensee,
58,2378,2387,Falkensee,Location,http://de.dbpedia.org/resource/Falkensee,
58,464,466,B5,Location,http://de.dbpedia.org/resource/B5,
58,1286,1288,B5,Location,http://de.dbpedia.org/resource/B5,
58,1158,1169,Brandenburg,Location,http://de.dbpedia.org/resource/Brandenburg,
58,1301,1306,Nauen,Location,http://de.dbpedia.org/resource/Nauen,
58,1311,1317,Berlin,Location,http://de.dbpedia.org/resource/Nauen,
58,1420,1426,Berlin,Location,http://de.dbpedia.org/resource/Nauen,
58,1390,1398,Autobahn,Location,http://de.dbpedia.org/resource/Autobahn,
58,2309,2340,Landkreis Havelland.,Location,http://de.dbpedia.org/resource/Landkreis_Havelland,
58,2108,2132,Infrastrukturministerium,Location,http://de.dbpedia.org/resource/Infrastrukturministerium,
58,2845,2850,aDORO,Organisation,http://de.dbpedia.org/resource/Adoro,
58,3013,3037,Filmorchester Babelsberg,Organisation,http://de.dbpedia.org/resource/Deutsches_Filmorchester_Babelsberg,
58,2941,2945,Nena,Person,http://de.dbpedia.org/resource/Nena,
58,3245,3263,französischen Doms,Location,http://de.dbpedia.org/resource/Franz%C3%B6sischer_Dom,
58,3508,3515,Bristol,Location,http://de.dbpedia.org/resource/Bristol,
58,3373,3380,Italien,Location,http://de.dbpedia.org/resource/Italien,
59,171,175,Elbe,Location,http://de.dbpedia.org/resource/Elbe,
59,361,372,Wittenberge,Location,http://de.dbpedia.org/resource/Wittenberge,
59,191,203,Brandenburgs,Location,http://de.dbpedia.org/resource/Brandenburg,
60,356,362,Berlin,Location,http://de.dbpedia.org/resource/Berlin,
60,403,409,Berlin,Location,http://de.dbpedia.org/resource/Berlin,
60,435,440,Mitte,Location,http://de.dbpedia.org/resource/Berlin-Mitte,
60,552,569,Architekt Kolhoff,Person,http://de.dbpedia.org/resource/Hans_Kollhoff,
60,625,629,Alex,Location,http://de.dbpedia.org/resource/Alexanderplatz,
60,824,828,Alex,Location,http://de.dbpedia.org/resource/Alexanderplatz,
60,2658,2662,Alex,Location,http://de.dbpedia.org/resource/Alexanderplatz,
60,2872,2876,Alex,Location,http://de.dbpedia.org/resource/Alexanderplatz,
60,2261,2266,Alexa,Location,http://de.dbpedia.org/resource/Alexanderplatz,
60,976,989,Hans Kollhoff,Person,http://de.dbpedia.org/resource/Hans_Kollhoff,
60,484,498,Alexanderplatz,Location,http://de.dbpedia.org/resource/Alexanderplatz,
60,1205,1213,Kollhoff,Person,http://de.dbpedia.org/resource/Hans_Kollhoff,
60,2670,2678,Kollhoff,Person,http://de.dbpedia.org/resource/Hans_Kollhoff,
60,2049,2058,Kollhoffs,Person,http://de.dbpedia.org/resource/Hans_Kollhoff,
60,1398,1432,Senatsbaudirektorin Regula Lüscher,Person,http://de.dbpedia.org/resource/Regula_L%C3%BCscher,
60,1563,1580,Park-Inn-Hochhaus,Location,http://de.dbpedia.org/resource/Park_Inn_by_Radisson_Berlin_Alexanderplatz,
60,871,885,Park Inn-Hotel,Location,http://de.dbpedia.org/resource/Park_Inn_by_Radisson_Berlin_Alexanderplatz,
60,1763,1770,Lüscher,Person,http://de.dbpedia.org/resource/Regula_L%C3%BCscher,
60,1912,1927,Berliner Verlag,Location,http://de.dbpedia.org/resource/Berliner_Verlag,
60,1668,1685,Park-Inn-Hochhaus,Location,http://de.dbpedia.org/resource/Park_Inn_by_Radisson_Berlin_Alexanderplatz,
60,2360,2375,Karl-Marx-Allee,Location,http://de.dbpedia.org/resource/Karl-Marx-Allee,
60,2227,2235,Hochhaus,Location,http://de.dbpedia.org/resource/Park_Inn_by_Radisson_Berlin_Alexanderplatz,
60,2613,2616,CDU,Organisation,http://de.dbpedia.org/resource/Christlich_Demokratische_Union_Deutschlands,
60,2605,2608,SPD,Organisation,http://de.dbpedia.org/resource/Sozialdemokratische_Partei_Deutschlands,
60,2384,2395,Fernsehturm,Location,http://de.dbpedia.org/resource/Berliner_Fernsehturm,
60,266,272,Gerald,Person,http://de.dbpedia.org/resource/Gerald_Meyer,
61,160,176,Eisenhüttenstadt,Location,http://de.dbpedia.org/resource/Eisenh%C3%BCttenstadt,
61,495,511,Eisenhüttenstadt,Location,http://de.dbpedia.org/resource/Eisenh%C3%BCttenstadt,
61,1628,1644,Eisenhüttenstadt,Location,http://de.dbpedia.org/resource/Eisenh%C3%BCttenstadt,
61,929,935,Tschad,Location,http://de.dbpedia.org/resource/Tschad,
61,2824,2840,Eisenhüttenstadt,Location,http://de.dbpedia.org/resource/Eisenh%C3%BCttenstadt,
61,119,125,Tschad,Location,http://de.dbpedia.org/resource/Tschad,
61,1579,1590,Brandenburg,Location,ttp://dbpedia.org/resource/Brandenburg,
62,4,32,US-Präsident John F. Kennedy,Person,http://de.dbpedia.org/resource/John_F._Kennedy,
62,36,42,Berlin,Location,http://de.dbpedia.org/resource/Berlin,
62,53,70,Willy Brandt Haus,Location,http://de.dbpedia.org/resource/Willy-Brandt-Haus,
62,120,131,Ulrich Mack,Person,http://de.dbpedia.org/resource/Ulrich_Mack,
62,328,339,Brandenburg,Location,http://de.dbpedia.org/resource/Brandenburg,
62,1420,1431,Brandenburg,Location,http://de.dbpedia.org/resource/Brandenburg,
62,662,692,Verfassungsgericht Brandenburg,Location,http://de.dbpedia.org/resource/Verfassungsgericht_des_Landes_Brandenburg,
62,1387,1394,Potsdam,Location,http://de.dbpedia.org/resource/Postdam,
62,1396,1403,Cottbus,Location,http://de.dbpedia.org/resource/Cottbus,
62,1406,1415,Frankfurt,Location,http://de.dbpedia.org/resource/Frankfurt,
63,176,182,Berlin,Location,http://de.dbpedia.org/resource/Berlin,
63,562,568,Berlin,Location,http://de.dbpedia.org/resource/Berlin,
63,191,206,Kongresszentrum,Location,http://de.dbpedia.org/resource/Internationales_Congress_Centrum_Berlin,
63,363,366,ICC,Location,http://de.dbpedia.org/resource/Internationales_Congress_Centrum_Berlin,
63,678,681,ICC,Location,http://de.dbpedia.org/resource/Internationales_Congress_Centrum_Berlin,
63,1183,1186,ICC,Location,http://de.dbpedia.org/resource/Internationales_Congress_Centrum_Berlin,
63,1338,1341,ICC,Location,http://de.dbpedia.org/resource/Internationales_Congress_Centrum_Berlin,
63,1599,1602,ICC,Location,http://de.dbpedia.org/resource/Internationales_Congress_Centrum_Berlin,
63,1823,1826,ICC,Location,http://de.dbpedia.org/resource/Internationales_Congress_Centrum_Berlin,
63,2092,2095,ICC,Location,http://de.dbpedia.org/resource/Internationales_Congress_Centrum_Berlin,
63,2482,2485,ICC,Location,http://de.dbpedia.org/resource/Internationales_Congress_Centrum_Berlin,
63,1878,1881,TÜV,Organisation,http://de.dbpedia.org/resource/T%C3%9CV,
63,1651,1654,TÜV,Organisation,http://de.dbpedia.org/resource/T%C3%9CV,
63,2050,2055,Messe,Organisation,http://de.dbpedia.org/resource/Messe_Berlin,
63,1768,1773,Messe,Organisation,http://de.dbpedia.org/resource/Messe_Berlin,
63,2076,2085,City Cube,Location,http://de.dbpedia.org/resource/CityCube_Berlin,
63,1281,1284,CDU,Organisation,http://de.dbpedia.org/resource/Christlich_Demokratische_Union_Deutschlands,
63,1273,1276,SPD,Organisation,http://de.dbpedia.org/resource/Sozialdemokratische_Partei_Deutschlands,
63,2274,2279,Senat,Organisation,http://de.dbpedia.org/resource/Senat,
64,1348,1355,Londons,Location,http://de.dbpedia.org/resource/London,
64,2234,2240,London,Location,http://de.dbpedia.org/resource/London,
65,374,392,Rathaus Schöneberg,Location,http://de.dbpedia.org/resource/Rathaus_Sch%C3%B6neberg,
65,553,561,Mauerbau,Location,http://de.dbpedia.org/resource/Berliner_Mauer,
66,109,115,Bayern,Location,http://de.dbpedia.org/resource/Bayern,
66,118,125,Sachsen,Location,http://de.dbpedia.org/resource/Sachsen,
66,130,139,Thüringen,Location,http://de.dbpedia.org/resource/Th%C3%BCringen,
66,186,191,Spree,Location,http://de.dbpedia.org/resource/Spree,
66,668,673,Spree,Location,http://de.dbpedia.org/resource/Spree,
66,198,202,Elbe,Location,http://de.dbpedia.org/resource/Elbe,
66,2308,2312,Elbe,Location,http://de.dbpedia.org/resource/Elbe,
66,429,448,Talsperre Spremberg,Location,http://de.dbpedia.org/resource/Talsperre_Spremberg,
66,767,786,Talsperre Spremberg,Location,http://de.dbpedia.org/resource/Talsperre_Spremberg,
66,473,482,Spremberg,Location,http://de.dbpedia.org/resource/Spremberg,
66,1093,1108,Bad Liebenwerda,Location,http://de.dbpedia.org/resource/Bad_Liebenwerda,
66,1252,1267,Schwarze Elster,Location,http://de.dbpedia.org/resource/Schwarze_Elster,
66,1765,1780,Schwarze Elster,Location,http://de.dbpedia.org/resource/Schwarze_Elster,
66,998,1014,Schwarzen Elster,Location,http://de.dbpedia.org/resource/Schwarze_Elster,
66,1815,1831,Schwarzen Elster,Location,http://de.dbpedia.org/resource/Schwarze_Elster,
66,804,811,Cottbus,Location,http://de.dbpedia.org/resource/Cottbus,
66,908,919,Elsterwerda,Location,http://de.dbpedia.org/resource/Elsterwerda,
66,2131,2146,Schwarze Elster,Location,http://de.dbpedia.org/resource/Schwarze_Elster,
66,2444,2459,Schwarze Elster,Location,http://de.dbpedia.org/resource/Schwarze_Elster,
66,1122,1127,Röder,Location,http://de.dbpedia.org/resource/Kleine_R%C3%B6der,
66,1153,1158,Röder,Location,http://de.dbpedia.org/resource/Kleine_R%C3%B6der,
66,573,590,Talsperre Bautzen,Location,http://de.dbpedia.org/resource/Talsperre_Bautzen,
66,923,940,Elbe-Elster-Kreis,Location,http://de.dbpedia.org/resource/Elbe-Elster-Land,
66,1528,1536,Herzberg,Location,http://de.dbpedia.org/resource/Herzberg,
66,1748,1753,Rieke,Location,http://de.dbpedia.org/resource/Rieke,
66,1511,1518,Neudeck,Location,http://de.dbpedia.org/resource/Neudeck,
66,2021,2028,Neudeck,Location,http://de.dbpedia.org/resource/Neudeck,
66,3053,3068,Mühlberger Elbe,Location,http://de.dbpedia.org/resource/M%C3%BChlberg,
66,2621,2641,Mühlberg an der Elbe,Location,http://de.dbpedia.org/resource/M%C3%BChlberg,
66,2260,2264,Oder,Location,http://de.dbpedia.org/resource/Oder,
66,1902,1907,Rieke,Location,http://de.dbpedia.org/resource/Rieke,
67,353,358,Paris,Location,http://de.dbpedia.org/resource/Paris,
67,390,396,Louvre,Location,ttp://de.dbpedia.org/resource/Louvre,
67,405,415,Eiffelturm,Location,http://de.dbpedia.org/resource/Eiffelturm,
67,488,501,Berlin- Mitte,Location,http://de.dbpedia.org/resource/Berlin-Mitte,
67,614,626,Berliner Dom,Location,http://de.dbpedia.org/resource/Berliner_Dom,
68,285,309,Konrad-Adenauer-Stiftung,Organisation,http://de.dbpedia.org/resource/Konrad-Adenauer-Stiftung,
68,358,361,DDR,Location,http://de.dbpedia.org/resource/Deutsche_Demokratische_Republik,
68,621,631,Eberswalde,Location,http://de.dbpedia.org/resource/Eberswalde,
68,1051,1058,Europas,Location,http://de.dbpedia.org/resource/Europa,
69,345,350,Spree,Location,http://de.dbpedia.org/resource/Spree,
69,446,465,Rummelsburger Bucht,Location,http://de.dbpedia.org/resource/Rummelsburger_See,
69,1260,1279,Rummelsburger Bucht,Location,http://de.dbpedia.org/resource/Rummelsburger_See,
70,466,477,Brandenburg,Location,http://dbpedia.org/resource/Brandenburg,
71,545,569,LK Oberspreewald-Lausitz,Location,http://de.dbpedia.org/resource/Landkreis_Oberspreewald-Lausitz,
71,890,910,Bertelsmann Stiftung,Organisation,http://de.dbpedia.org/resource/Bertelsmann_Stiftung,
71,952,963,Brandenburg,Location,http://dbpedia.org/resource/Brandenburg,
71,306,319,Stadtautobahn,Location,http://de.dbpedia.org/resource/Stadtautobahn,
71,787,799,Brandenburgs,Location,http://dbpedia.org/resource/Brandenburg,
71,1081,1087,Bremen,Location,http://dbpedia.org/resource/Bremen,
71,1330,1358,Senatsbau-direktorin Lüscher,Person,http://de.dbpedia.org/resource/Regula_L%C3%BCscher,
71,1387,1396,Regierung,Organisation,http://de.dbpedia.org/resource/Regierung,
71,1435,1444,Parlament,Organisation,http://de.dbpedia.org/resource/Parlament,
71,244,254,Haasenburg,Location,http://de.dbpedia.org/resource/Stadtautobahn,
72,4,22,Fußball-Bundesliga,Organisation,http://de.dbpedia.org/resource/Fu%C3%9Fball-Bundesliga,
72,175,189,Günter Netzter,Person,http://de.dbpedia.org/resource/G%C3%BCnter_Netzer,
72,200,215,Matthias Sammer,Person,http://de.dbpedia.org/resource/Matthias_Sammer,
72,404,410,Berlin,Location,http://de.dbpedia.org/resource/Berlin,
72,830,836,Berlin,Location,http://de.dbpedia.org/resource/Berlin,
72,588,596,O2 World,Location,http://de.dbpedia.org/resource/O2_World_Berlin,
72,477,488,Deutschland,Location,http://de.dbpedia.org/resource/Deutschland,
72,951,958,o2world,Location,http://de.dbpedia.org/resource/O2_World_Berlin,
72,364,380,Barbra Streisand,Person,http://de.dbpedia.org/resource/Barbra_Streisand,
72,926,943,Barbara Streisand,Person,http://de.dbpedia.org/resource/Barbra_Streisand,
72,1121,1138,Barbara Streisand,Person,http://de.dbpedia.org/resource/Barbra_Streisand,
72,1035,1043,Zimbabwe,Location,http://de.dbpedia.org/resource/Zimbabwe,
72,624,630,Israel,Location,http://de.dbpedia.org/resource/Israel,
72,1060,1067,Florida,Location,http://de.dbpedia.org/resource/Florida,
72,1628,1635,Barbara,Person,http://de.dbpedia.org/resource/Barbra_Streisand,
73,3,19,Eisenhüttenstadt,Location,http://de.dbpedia.org/resource/Eisenh%C3%BCttenstadt,
73,701,709,Teldafax,Organisation,http://de.dbpedia.org/resource/Teldafax,
73,1167,1175,Teldafax,Organisation,http://de.dbpedia.org/resource/Teldafax,
74,44,66,Schloss Charlottenburg,Location,http://de.dbpedia.org/resource/Schloss_Charlottenburg,
74,108,113,Obama,Person,http://de.dbpedia.org/resource/Barack_Obama,
74,278,289,Deutschland,Location,http://de.dbpedia.org/resource/Deutschland,
74,503,509,Berlin,Location,http://de.dbpedia.org/resource/Berlin,
74,539,550,Cafe Moskau,Location,http://de.dbpedia.org/resource/Caf%C3%A9_Moskau,
74,554,566,Berlin Mitte,Location,http://de.dbpedia.org/resource/Berlin-Mitte,
74,569,617,Bundesarbeitsministerin Ursula von der Leyen,Person,http://de.dbpedia.org/resource/Ursula_von_der_Leyen,
74,623,664,Bundesforschungsministerin Johanna Wanka,Person,http://de.dbpedia.org/resource/Johanna_Wanka,
75,289,295,Berlin,Location,http://de.dbpedia.org/resource/Berlin,
75,519,529,Babelsberg,Location,http://de.dbpedia.org/resource/Babelsberg,
75,61,72,Brandenburg,Location,http://dbpedia.org/resource/Brandenburg,
75,300,311,Brandenburg,Location,http://dbpedia.org/resource/Brandenburg,
75,578,589,Brandenburg,Location,http://dbpedia.org/resource/Brandenburg,
75,654,676,Spandauer Wilhelmstadt,Location,http://de.dbpedia.org/resource/Berlin-Wilhelmstadt,
76,16,31,Zossener Straße,Location,http://de.dbpedia.org/resource/Zossener_Stra%C3%9Fe,
76,41,50,Kreuzberg,Location,http://de.dbpedia.org/resource/Berlin-Kreuzberg,
76,690,696,Berlin,Location,http://de.dbpedia.org/resource/Berlin,
76,797,815,Freundschaftsinsel,Location,http://de.dbpedia.org/resource/Freundschaftsinsel,
76,819,826,Potsdam,Location,http://de.dbpedia.org/resource/Postdam,
76,878,887,Falkensee,Location,http://de.dbpedia.org/resource/Falkensee,
76,1278,1287,Falkensee,Location,http://de.dbpedia.org/resource/Falkensee,
76,1403,1410,Kartzow,Location,http://de.dbpedia.org/resource/Kartzow,
76,1696,1703,Kartzow,Location,http://de.dbpedia.org/resource/Kartzow,
76,2185,2193,dams. D,Location,http://de.dbpedia.org/resource/Postdam,
77,115,126,Schöneweide,Location,http://de.dbpedia.org/resource/Berlin-Sch%C3%B6neweide,
77,2142,2153,Schöneweide,Location,http://de.dbpedia.org/resource/Berlin-Sch%C3%B6neweide,
77,297,315,Berliner Mauerpark,Location,http://de.dbpedia.org/resource/Mauerpark,
77,382,392,Ulli Zelle,Person,http://de.dbpedia.org/resource/Ulli_Zelle,
77,353,360,Polizei,Organisation,http://de.dbpedia.org/resource/Polizei,
77,1391,1398,Polizei,Organisation,http://de.dbpedia.org/resource/Polizei,
77,1926,1933,Polizei,Organisation,http://de.dbpedia.org/resource/Polizei,
77,1160,1171,Real Madrid,Organisation,http://de.dbpedia.org/resource/Real_Madrid,
77,1178,1195,Borussia Dortmund,Organisation,http://de.dbpedia.org/resource/Borussia_Dortmund,
77,677,684,Wedding,Location,http://de.dbpedia.org/resource/Berlin-Wedding,
78,96,112,Thomas Oberender,Person,http://de.dbpedia.org/resource/Thomas_Oberender,
78,273,296,Freie Volksbühne Berlin,Organisation,http://de.dbpedia.org/resource/Volksb%C3%BChne,
79,13,25,Simon Rattle,Person,http://de.dbpedia.org/resource/Simon_Rattle,
79,45,51,Dvorák,Person,http://de.dbpedia.org/resource/Anton%C3%ADn_Dvo%C5%99%C3%A1k,
79,89,92,rbb,Organisation,http://de.dbpedia.org/resource/Rundfunk_Berlin-Brandenburg,
79,172,187,rbb-Kulturradio,Organisation,http://de.dbpedia.org/resource/Kulturradio,
79,124,128,Prag,Location,http://de.dbpedia.org/resource/Prag,
79,158,164,Ersten,Organisation,http://de.dbpedia.org/resource/Das_Erste,
79,199,210,Niederlande,Location,http://de.dbpedia.org/resource/Niederlande,
79,455,471,Willem-Alexander,Person,http://de.dbpedia.org/resource/Willem-Alexander,
79,496,510,Königin Maxima,Person,http://de.dbpedia.org/resource/M%C3%A1xima_der_Niederlande,
79,541,559,Prinzessin Beatrix,Person,http://de.dbpedia.org/resource/Beatrix_(Niederlande),
79,650,671,Kronprinzessin Amalia,Person,http://de.dbpedia.org/resource/Catharina-Amalia_van_Oranje,
80,321,343,Berliner Hauptbahnhofs,Location,http://de.dbpedia.org/resource/Berlin_Hauptbahnhof,
80,724,757,Bundesernährungsministerin Aigner,Person,http://de.dbpedia.org/resource/Ilse_Aigner,
80,1106,1125,Antenne Brandenburg,Organisation,http://de.dbpedia.org/resource/Antenne_Brandenburg,
81,133,148,Schwarze Elster,Location,http://de.dbpedia.org/resource/Schwarze_Elster,
81,1602,1617,Schwarze Elster,Location,http://de.dbpedia.org/resource/Schwarze_Elster,
81,525,536,Brandenburg,Location,http://de.dbpedia.org/resource/Brandenburg,
81,952,963,Brandenburg,Location,http://de.dbpedia.org/resource/Brandenburg,
81,557,573,Schwarzen Elster,Location,http://de.dbpedia.org/resource/Schwarze_Elster,
81,577,584,Sachsen,Location,http://de.dbpedia.org/resource/Sachsen,
81,820,841,Deutsche Wetterdienst,Organisation,http://de.dbpedia.org/resource/Deutscher_Wetterdienst,
81,845,852,Potsdam,Location,http://de.dbpedia.org/resource/Postdam,
81,638,649,Liebenwerda,Location,http://de.dbpedia.org/resource/Bad_Liebenwerda,
81,1130,1141,Liebenwerda,Location,http://de.dbpedia.org/resource/Bad_Liebenwerda,
81,1275,1282,Spanien,Location,http://de.dbpedia.org/resource/Spanien,
81,1288,1295,Italien,Location,http://de.dbpedia.org/resource/Italien,
81,1661,1666,Spree,Location,http://de.dbpedia.org/resource/Spree,
81,1682,1689,Lausitz,Location,http://de.dbpedia.org/resource/Lausitz,
81,1700,1704,Elbe,Location,http://de.dbpedia.org/resource/Elbe,
81,1724,1739,Landesumweltamt,Organisation,http://de.dbpedia.org/resource/Landesamt_f%C3%BCr_Umwelt_Gesundheit_und_Verbraucherschutz,
82,159,173,Hasso Plattner,Person,http://de.dbpedia.org/resource/Hasso_Plattner,
82,188,204,Palais Barberini,Location,http://de.dbpedia.org/resource/Palast_Barberini,
82,217,224,Potsdam,Location,http://de.dbpedia.org/resource/Postdam,
82,490,493,DDR,Location,http://de.dbpedia.org/resource/Deutsche_Demokratische_Republik,
82,1109,1154,Bundesinnenminister Hans-Peter Friedrich,Person,http://de.dbpedia.org/resource/Hans-Peter_Friedrich,
82,1208,1225,Regierungsviertel,Location,http://de.dbpedia.org/resource/Regierungsviertel_(Berlin),
82,1402,1414,Sarah Kirsch,Person,http://de.dbpedia.org/resource/Sarah_Kirsch,
82,1575,1593,Schleswig-Holstein,Location,http://de.dbpedia.org/resource/Schleswig-Holstein,
82,1665,1672,Berlins,Location,http://de.dbpedia.org/resource/Berlin,
84,814,836,Bundeskanzlerin Merkel,Person,http://de.dbpedia.org/resource/Angela_Merkel,
84,197,208,Brandenburg,Location,http://de.dbpedia.org/resource/Brandenburg,
84,238,241,rbb,Organisation,http://de.dbpedia.org/resource/Rundfunk_Berlin-Brandenburg,
84,401,404,rbb,Organisation,http://de.dbpedia.org/resource/Rundfunk_Berlin-Brandenburg,
84,694,717,Schlüterhof im Zeughaus,Location,http://de.dbpedia.org/resource/Zeughaus,
84,751,779,US-Botschafter Philip Murphy,Person,http://de.dbpedia.org/resource/Phillip_D._Murphy,
85,83,106,Berliner Wasserbetriebe,Organisation,http://de.dbpedia.org/resource/Berliner_Wasserbetriebe,
85,5,13,Karstadt,Location,http://de.dbpedia.org/resource/Karstadt,
85,159,169,Tiergarten,Location,http://de.dbpedia.org/resource/Berlin-Tiergarten,
85,536,551,Bundesregierung,Organisation,http://de.dbpedia.org/resource/Bundesregierung,
85,780,786,Berlin,Location,http://de.dbpedia.org/resource/Berlin,
85,888,899,Deutschland,Location,http://de.dbpedia.org/resource/Deutschland,
85,791,802,Brandenburg,Location,http://de.dbpedia.org/resource/Brandenburg,
85,1132,1143,Brandenburg,Location,http://de.dbpedia.org/resource/Brandenburg,
85,1180,1191,Mittenwalde,Location,http://de.dbpedia.org/resource/Mittenwalde,
85,1677,1688,Elbe-Elster,Location,http://de.dbpedia.org/resource/Elbe-Elster-Land,
85,2378,2385,Polizei,Organisation,http://de.dbpedia.org/resource/Polizei,
85,1560,1574,Südbrandenburg,Location,http://de.dbpedia.org/resource/Brandenburg,
86,125,128,rbb,Organisation,http://de.dbpedia.org/resource/Rundfunk_Berlin-Brandenburg,
86,192,203,Walter Jens,Person,http://de.dbpedia.org/resource/Walter_Jens,
86,438,454,Berliner Piraten,Organisation,http://de.dbpedia.org/resource/Piratenpartei_Berlin,
86,866,883,Christopher Lauer,Person,http://de.dbpedia.org/resource/Christopher_Lauer,
86,1050,1055,Lauer,Person,http://de.dbpedia.org/resource/Christopher_Lauer,
86,1135,1140,Lauer,Person,http://de.dbpedia.org/resource/Christopher_Lauer,
86,1676,1681,Lauer,Person,http://de.dbpedia.org/resource/Christopher_Lauer,
86,1883,1895,Andreas Baum,Person,http://de.dbpedia.org/resource/Andreas_Baum,
86,2029,2034,Lauer,Person,http://de.dbpedia.org/resource/Christopher_Lauer,
86,1779,1785,Lauers,Person,http://de.dbpedia.org/resource/Christopher_Lauer,
87,118,129,Brandenburg,Location,http://de.dbpedia.org/resource/Brandenburg,
87,265,276,Brandenburg,Location,http://de.dbpedia.org/resource/Brandenburg,
87,1528,1539,Brandenburg,Location,http://de.dbpedia.org/resource/Brandenburg,
87,144,164,Innenminister Woidke,Person,http://de.dbpedia.org/resource/Dietmar_Woidke,
87,672,679,Polizei,Organisation,http://de.dbpedia.org/resource/Polizei,
87,1677,1684,Polizei,Organisation,http://de.dbpedia.org/resource/Polizei,
87,1708,1724,Sonderkommission,Organisation,http://de.dbpedia.org/resource/Sonderkommission,
87,1781,1791,Soko Villa,Organisation,http://de.dbpedia.org/resource/Sonderkommission,
87,1739,1749,Straußberg,Location,http://de.dbpedia.org/resource/Strausberg,
87,287,293,Berlin,Location,http://de.dbpedia.org/resource/Berlin,
87,1942,1948,Berlin,Location,http://de.dbpedia.org/resource/Berlin,
87,645,656,Petershagen,Location,http://de.dbpedia.org/resource/Petershagen,
88,69,72,RBB,Organisation,http://de.dbpedia.org/resource/Rundfunk_Berlin-Brandenburg,
88,184,188,Ulli,Person,http://de.dbpedia.org/resource/Ulli_Zelle,
88,339,348,Anna Loos,Person,http://de.dbpedia.org/resource/Anna_Loos,
88,355,368,Sascha Hingst,Person,http://de.dbpedia.org/resource/Sascha_Hingst,
88,514,519,Silly,Organisation,http://de.dbpedia.org/resource/Silly_(Band),
89,117,128,Brandenburg,Location,http://de.dbpedia.org/resource/Brandenburg,
89,302,319,Haasenburg-Heimen,Location,http://de.dbpedia.org/resource/Haasenburg,
89,535,561,Jugendzentrum Haasenburg,Organisation,http://de.dbpedia.org/resource/Haasenburg,
89,1837,1852,Landesjugendamt,Organisation,http://de.dbpedia.org/resource/Landesjugendamt,
90,187,197,BR Volleys,Organisation,http://de.dbpedia.org/resource/Berlin_Recycling_Volleys,
90,405,432,Max-Schmeling- Halle,Location,http://de.dbpedia.org/resource/Max-Schmeling-Halle,
90,684,699,Friedrichshafen,Location,http://de.dbpedia.org/resource/Friedrichshafen,
90,1030,1045,Friedrichshafen,Location,http://de.dbpedia.org/resource/Friedrichshafen,
90,1358,1373,Friedrichshafen,Location,http://de.dbpedia.org/resource/Friedrichshafen,
90,769,784,Friedrichshafen,Organisation,http://de.dbpedia.org/resource/VfB_Friedrichshafen,
91,42,48,Berlin,Location,http://de.dbpedia.org/resource/Berlin,
91,139,176,Brandenburger Haasenburg Heime,Location,http://de.dbpedia.org/resource/Haasenburg,
91,542,560,Staatsanwaltschaft,Organisation,http://de.dbpedia.org/resource/Staatsanwaltschaft,
91,608,618,Haasenburg,Location,http://de.dbpedia.org/resource/Haasenburg,
91,1144,1154,Haasenburg,Location,http://de.dbpedia.org/resource/Haasenburg,
91,1227,1237,Haasenburg,Location,http://de.dbpedia.org/resource/Haasenburg,
91,1854,1864,Haasenburg,Location,http://de.dbpedia.org/resource/Haasenburg,
91,1008,1011,FDP,Organisation,http://de.dbpedia.org/resource/FDP,
91,1016,1021,Linke,Organisation,http://de.dbpedia.org/resource/Linke,
91,1058,1080,Jugendministerin Münch,Person,http://de.dbpedia.org/resource/Martina_M%C3%BCnch,
91,1469,1484,Landesjugendamt,Organisation,http://de.dbpedia.org/resource/Landesjugendamt,
91,2303,2318,Landesjugendamt,Organisation,http://de.dbpedia.org/resource/Landesjugendamt,
91,1943,1957,Sylvia Lehmann,Person,http://de.dbpedia.org/resource/Sylvia_Lehmann,
91,1994,2022,Landkreis Dahme-Spreewald,Location,http://de.dbpedia.org/resource/Landkreis_Dahme-Spreewald,
91,2672,2675,CDU,Organisation,http://de.dbpedia.org/resource/Christlich_Demokratische_Union_Deutschlands,
92,294,301,Polizei,Organisation,http://de.dbpedia.org/resource/RBB_Aktuell,
92,2063,2070,Polizei,Organisation,http://de.dbpedia.org/resource/RBB_Aktuell,
92,1498,1513,Prenzlauer Berg,Location,http://de.dbpedia.org/resource/Berlin-Prenzlauer_Berg,
92,2144,2153,Kreuzberg,Location,http://de.dbpedia.org/resource/Kreuzberg_(Berlin),
93,187,193,Berlin,Location,http://de.dbpedia.org/resource/Berlin,
93,2181,2187,Berlin,Location,http://de.dbpedia.org/resource/Berlin,
93,198,209,Brandenburg,Location,http://de.dbpedia.org/resource/Brandenburg,
93,495,511,Tempelhofer Feld,Location,http://de.dbpedia.org/resource/Tempelhofer_Feld,
93,2153,2163,Frankreich,Location,http://de.dbpedia.org/resource/Frankreich,
94,39,47,Schweden,Location,http://de.dbpedia.org/resource/Schweden,
94,88,106,uropäischen Union,Location,http://de.dbpedia.org/resource/Europ%C3%A4ische_Union,
94,390,415,berlandesgericht München,Organisation,http://de.dbpedia.org/resource/Oberlandesgericht_M%C3%BCnchen,
94,558,561,DR.,Organisation,http://de.dbpedia.org/resource/Westdeutscher_Rundfunk_K%C3%B6ln,
94,686,689,RD,Organisation,http://de.dbpedia.org/resource/ARD,
94,918,921,LG,Organisation,http://de.dbpedia.org/resource/Oberlandesgericht,
94,1026,1053,ranienburger Ortsteil Eden,Location,http://de.dbpedia.org/resource/Eden_Gemeinn%C3%BCtzige_Obstbau-Siedlung,
95,99,102,BSR,Organisation,http://de.dbpedia.org/resource/Bundessicherheitsrat,
95,228,231,BER,Location,http://de.dbpedia.org/resource/BER,
95,664,667,BER,Location,http://de.dbpedia.org/resource/BER,
95,825,828,BER,Location,http://de.dbpedia.org/resource/BER,
95,1444,1447,BER,Location,http://de.dbpedia.org/resource/BER,
95,2832,2835,BER,Location,http://de.dbpedia.org/resource/BER,
95,697,714,Technikchef Amann,Person,http://de.dbpedia.org/resource/Horst_Amann_(Bauingenieur),
95,543,550,Mehdorn,Person,http://de.dbpedia.org/resource/Hartmut_Mehdorn,
95,1138,1145,Mehdorn,Person,http://de.dbpedia.org/resource/Hartmut_Mehdorn,
95,1344,1351,Mehdorn,Person,http://de.dbpedia.org/resource/Hartmut_Mehdorn,
95,1493,1500,Mehdorn,Person,http://de.dbpedia.org/resource/Hartmut_Mehdorn,
95,2382,2389,Mehdorn,Person,http://de.dbpedia.org/resource/Hartmut_Mehdorn,
95,2774,2781,Mehdorn,Person,http://de.dbpedia.org/resource/Hartmut_Mehdorn,
95,1846,1854,Mehdorns,Person,http://de.dbpedia.org/resource/Hartmut_Mehdorn,
95,1242,1265,Technikchef Horst Amann,Person,http://de.dbpedia.org/resource/Horst_Amann_(Bauingenieur),
95,2176,2187,Herrn Amann,Person,http://de.dbpedia.org/resource/Horst_Amann_(Bauingenieur),
95,1948,1958,den Linken,Organisation,http://de.dbpedia.org/resource/Die_Linke,
95,2944,2950,Condor,Organisation,http://de.dbpedia.org/resource/Condor_Flugdienst,
95,2935,2942,easyjet,Organisation,http://de.dbpedia.org/resource/EasyJet,
95,2956,2965,Norwegian,Organisation,http://de.dbpedia.org/resource/Norwegian_Air_Shuttle,
96,543,565,Justizsenator Heilmann,Person,http://de.dbpedia.org/resource/Thomas_Heilmann,
96,895,906,Brandenburg,Location,http://de.dbpedia.org/resource/Brandenburg,
96,1017,1028,Brandenburg,Location,http://de.dbpedia.org/resource/Brandenburg,
96,1050,1073,Innenminister Woidke,Person,http://de.dbpedia.org/resource/Dietmar_Woidke,
96,1528,1531,rbb,Organisation,http://de.dbpedia.org/resource/Rundfunk_Berlin-Brandenburg,
96,1673,1690,Fc Bayern München,Organisation,http://de.dbpedia.org/resource/FC_Bayern_M%C3%BCnchen,
96,1848,1861,VFB Stuttgart,Organisation,http://de.dbpedia.org/resource/VfB_Stuttgart,
96,1891,1900,FC Bayern,Organisation,http://de.dbpedia.org/resource/FC_Bayern_M%C3%BCnchen,
97,246,273,Deutschen UNESCO-Kommission,Organisation,http://de.dbpedia.org/resource/Deutsche_UNESCO-Kommission,
97,1575,1586,Brandenburg,Location,http://de.dbpedia.org/resource/Brandenburg,
98,45,56,Brandenburg,Location,http://de.dbpedia.org/resource/Brandenburg,
98,1257,1268,Brandenburg,Location,http://de.dbpedia.org/resource/Brandenburg,
98,116,118,EU,Location,http://de.dbpedia.org/resource/Europ%C3%A4ische_Union,
98,320,333,Brandenburgs,Location,http://de.dbpedia.org/resource/Brandenburg,
98,585,601,Jörg Vogelsänger,Person,http://de.dbpedia.org/resource/J%C3%B6rg_Vogels%C3%A4nger,
99,328,335,Charite,Organisation,http://de.dbpedia.org/resource/H%C3%B4pital_de_la_Charit%C3%A9,
99,717,723,Gerald,Person,http://de.dbpedia.org/resource/Gerald_Meyer,
99,692,704,Gerald Meyer,Person,http://de.dbpedia.org/resource/Gerald_Meyer,
100,524,531,zei gri,Organisation,http://de.dbpedia.org/resource/Polizei,
100,673,682,zberg. N,Location,http://de.dbpedia.org/resource/Berlin-Kreuzberg,
101,744,751,Tröbitz,Location,http://de.dbpedia.org/resource/Tr%C3%B6bitz,
101,170,188,Süden Brandenburgs,Location,http://de.dbpedia.org/resource/Brandenburg,
101,202,210,Mühlberg,Location,http://de.dbpedia.org/resource/M%C3%BChlberg,
102,79,94,Madeleine Wehle,Person,http://de.dbpedia.org/resource/Madeleine_Wehle,
102,1570,1578,Germania,Location,http://de.dbpedia.org/resource/Deutschland,
102,1584,1590,Berlin,Location,http://de.dbpedia.org/resource/Berlin,
102,1174,1181,Polizei,Organisation,http://de.dbpedia.org/resource/Polizei,
102,2399,2406,Polizei,Organisation,http://de.dbpedia.org/resource/Polizei,
103,258,265,Cottbus,Location,http://de.dbpedia.org/resource/Cottbus,
103,353,368,Energie Cottbus,Organisation,http://de.dbpedia.org/resource/Energie_Cottbus,
103,387,402,Christian Beeck,Person,http://de.dbpedia.org/resource/Christian_Beeck,
104,160,164,AVUS,Location,http://de.dbpedia.org/resource/AVUS,
104,377,380,USA,Location,http://de.dbpedia.org/resource/Vereinigte_Staaten,
104,509,512,USA,Location,http://de.dbpedia.org/resource/Vereinigte_Staaten,
104,677,680,USA,Location,http://de.dbpedia.org/resource/Vereinigte_Staaten,
104,554,566,Deutschlands,Location,http://de.dbpedia.org/resource/Deutschland,
104,618,632,Edward Snowden,Person,http://de.dbpedia.org/resource/Edward_Snowden,
104,752,766,Edward Snowden,Person,http://de.dbpedia.org/resource/Edward_Snowden,
104,818,830,US Botschaft,Organisation,http://de.dbpedia.org/resource/Botschaft_der_Vereinigten_Staaten_in_Berlin,
105,677,692,Place de Clichy,Location,http://de.dbpedia.org/resource/Place_de_Clichy,
105,1106,1116,Frankreich,Location,http://de.dbpedia.org/resource/Frankreich,
105,1869,1879,Frankreich,Location,http://de.dbpedia.org/resource/Frankreich,
105,3391,3401,,Location,http://de.dbpedia.org/resource/Frankreich,
105,4154,4164,,Location,http://de.dbpedia.org/resource/Frankreich,
105,1190,1215,Regisseur Olivier Assayas,Person,http://de.dbpedia.org/resource/Olivier_Assayas,
105,3475,3500,,Person,http://de.dbpedia.org/resource/Olivier_Assayas,
105,1610,1613,USA,Location,http://de.dbpedia.org/resource/Vereinigte_Staaten,
105,3895,3898,,Location,http://de.dbpedia.org/resource/Vereinigte_Staaten,
105,1173,1180,Italien,Location,http://de.dbpedia.org/resource/Italien,
105,3458,3465,,Location,http://de.dbpedia.org/resource/Italien,
106,27,36,Regierung,Organisation,http://de.dbpedia.org/resource/Regierung,
106,915,930,Neue Kantstraße,Location,http://de.dbpedia.org/resource/Neue_Kantstra%C3%9Fe,
106,1097,1113,Hohenzollerndamm,Location,http://de.dbpedia.org/resource/Hohenzollerndamm,
106,1283,1289,Berlin,Location,http://de.dbpedia.org/resource/Berlin,
106,1663,1682,Virchow-Krankenhaus,Location,http://de.dbpedia.org/resource/Rudolf-Virchow-Krankenhaus,
106,1771,1787,Dreieck Funkturm,Location,http://de.dbpedia.org/resource/Autobahndreieck_Funkturm,
106,2211,2219,A10-Ring,Location,http://de.dbpedia.org/resource/Bundesautobahn_10,
107,167,173,Goslar,Location,http://de.dbpedia.org/resource/Goslar,
107,528,539,Brandenburg,Location,http://de.dbpedia.org/resource/Brandenburg,
107,1208,1219,Brandenburg,Location,http://de.dbpedia.org/resource/Brandenburg,
107,962,1011,Brandenburgische Gesundheitsministerin Anita Tack,Person,http://de.dbpedia.org/resource/Anita_Tack,
107,1194,1200,Berlin,Location,http://de.dbpedia.org/resource/Berlin,
108,24,46,Bundeskanzlerin Merkel,Person,http://de.dbpedia.org/resource/Angela_Merkel,
108,101,113,Brandenburgs,Location,http://de.dbpedia.org/resource/Brandenburg,
108,130,134,Elbe,Location,http://de.dbpedia.org/resource/Elbe,
108,915,919,Elbe,Location,http://de.dbpedia.org/resource/Elbe,
108,312,322,Bundeswehr,Organisation,http://de.dbpedia.org/resource/Bundeswehr,
108,453,464,Wittenberge,Location,http://de.dbpedia.org/resource/Wittenberge,
108,1003,1014,Wittenberge,Location,http://de.dbpedia.org/resource/Wittenberge,
108,624,633,Havelland,Location,http://de.dbpedia.org/resource/Havelland,
108,612,618,Polder,Location,http://de.dbpedia.org/resource/Polder,
108,1666,1670,Kiel,Location,http://de.dbpedia.org/resource/Kiel,
108,1615,1623,Hinzdorf,Location,http://de.dbpedia.org/resource/Hinzdorf,
109,116,124,Mercedes,Organisation,http://de.dbpedia.org/resource/Mercedes-Benz,
109,206,218,Gary Paffett,Person,http://de.dbpedia.org/resource/Gary_Paffett,
109,223,234,Jamie Green,Person,http://de.dbpedia.org/resource/Jamie_Green,
109,238,242,Audi,Organisation,http://de.dbpedia.org/resource/Audi,
109,302,311,Kreuzberg,Location,http://de.dbpedia.org/resource/Berlin-Kreuzberg,
110,143,168,Brandenburgische Betriebe,Organisation,http://de.dbpedia.org/resource/Verkehrsbetriebe_Brandenburg_an_der_Havel,
110,2244,2251,Polizei,Organisation,http://de.dbpedia.org/resource/Polizei,
110,2256,2274,Staatsanwaltschaft,Organisation,http://de.dbpedia.org/resource/Staatsanwatschaft,
110,2285,2310,Generalstaatsanwaltschaft,Organisation,http://de.dbpedia.org/resource/Generalstaatsanwaltschaft,
111,191,201,Ulli Zelle,Person,http://de.dbpedia.org/resource/Ulli_Zelle,
111,218,229,Steffi Graf,Person,http://de.dbpedia.org/resource/Steffi_Graf,
111,387,396,Radwanska,Person,http://de.dbpedia.org/resource/Agnieszka_Radwa%C5%84ska,
111,256,270,Sabine Lisicki,Person,http://de.dbpedia.org/resource/Sabine_Lisicki,
111,463,477,Sabine Lisicky,Person,http://de.dbpedia.org/resource/Sabine_Lisicki,
111,645,661,Hohenschönhausen,Location,http://de.dbpedia.org/resource/Hohensch%C3%B6nhausen,
111,506,554,Olympia-Stützpunkt im Berlin Hohenschönhausen,Location,http://de.dbpedia.org/resource/Sportforum_Hohensch%C3%B6nhausen,
111,1070,1086,Hohenschönhausen,Location,http://de.dbpedia.org/resource/Hohensch%C3%B6nhausen,
111,1049,1056,Lisicki,Person,http://de.dbpedia.org/resource/Lisicki,
112,32,54,Bundeskanzlerin Merkel,Person,http://de.dbpedia.org/resource/Angela_Merkel,
112,132,142,Westberlin,Location,http://de.dbpedia.org/resource/West-Berlin,
112,1719,1729,Westberlin,Location,http://de.dbpedia.org/resource/West-Berlin,
112,193,211,Rathaus Schöneberg,Location,http://de.dbpedia.org/resource/Rathaus_Sch%C3%B6neberg,
112,354,372,Rathaus Schöneberg,Location,http://de.dbpedia.org/resource/Rathaus_Sch%C3%B6neberg,
112,604,625,US-Botschafter Murphy,Person,http://de.dbpedia.org/resource/Philip_D._Murphy,
112,926,933,Kennedy,Person,http://de.dbpedia.org/resource/John_F._Kennedy,
112,974,981,Kennedy,Person,http://de.dbpedia.org/resource/John_F._Kennedy,
112,1161,1168,Kennedy,Person,http://de.dbpedia.org/resource/John_F._Kennedy,
112,1502,1509,Kennedy,Person,http://de.dbpedia.org/resource/John_F._Kennedy,
112,668,676,Kennedys,Person,http://de.dbpedia.org/resource/John_F._Kennedy,
112,1423,1431,Mauerbau,Location,http://de.dbpedia.org/resource/Berliner_Mauer,
112,1594,1599,J.F.K,Person,http://de.dbpedia.org/resource/John_F._Kennedy,
112,1933,1939,Türkei,Location,http://de.dbpedia.org/resource/T%C3%BCrkei,
112,2042,2048,Berlin,Location,http://de.dbpedia.org/resource/Berlin,
112,286,304,Der Berliner Senat,Organisation,http://de.dbpedia.org/resource/Senat_von_Berlin,
113,78,95,Sebastian Brendel,Person,http://de.dbpedia.org/resource/Sebastian_Brendel,
113,290,299,Klettwitz,Location,http://de.dbpedia.org/resource/Klettwitz,
113,762,770,Mercedes,Organisation,http://de.dbpedia.org/resource/Mercedes-Benz,
113,975,983,Vietoris,Person,http://de.dbpedia.org/resource/Christian_Vietoris,
113,492,510,Christian Vietoris,Person,http://de.dbpedia.org/resource/Christian_Vietoris,
114,407,423,Land Brandenburg,Location,http://de.dbpedia.org/resource/Brandenburg,
114,2970,2978,Prignitz,Location,http://de.dbpedia.org/resource/Prignitz,
114,2983,2998,Frankfurt/ Oder,Location,http://de.dbpedia.org/resource/Frankfurt_(Oder),
114,2313,2329,Land Brandenburg,Location,http://de.dbpedia.org/resource/Brandenburg,
114,125,136,Brandenburg,Location,http://de.dbpedia.org/resource/Brandenburg,
114,473,484,Brandenburg,Location,http://de.dbpedia.org/resource/Brandenburg,
115,3,17,Park Sanssouci,Location,http://de.dbpedia.org/resource/Sanssouci,
115,123,130,Cottbus,Location,http://de.dbpedia.org/resource/Cottbus,
115,142,169,Kunstmuseum Dieselkraftwerk,Location,http://de.dbpedia.org/resource/Kunstmuseum_Dieselkraftwerk_Cottbus,
115,217,223,Europa,Location,http://de.dbpedia.org/resource/Europa,
115,663,673,Vattenfall,Organisation,http://de.dbpedia.org/resource/Vattenfall,
115,1102,1112,Vattenfall,Organisation,http://de.dbpedia.org/resource/Vattenfall,
115,860,869,Bundestag,Organisation,http://de.dbpedia.org/resource/Deutscher_Bundestag,
115,1477,1486,Big Apple,Location,http://de.dbpedia.org/resource/Big_Apple,
115,1654,1657,Ems,Location,http://de.dbpedia.org/resource/Ems,
115,1943,1953,Tiergarten,Location,http://de.dbpedia.org/resource/Berlin-Tiergarten,
115,1279,1285,Berlin,Location,http://de.dbpedia.org/resource/Berlin,
115,1813,1819,Berlin,Location,http://de.dbpedia.org/resource/Berlin,
115,2020,2026,Berlin,Location,http://de.dbpedia.org/resource/Berlin,
116,256,267,Brandenburg,Location,http://de.dbpedia.org/resource/Brandenburg,
116,701,720,Norden Brandenburgs,Location,http://de.dbpedia.org/resource/Brandenburg,
116,649,659,Zehlendorf,Location,http://de.dbpedia.org/resource/Zehlendorf,
116,1456,1466,Zehlendorf,Location,http://de.dbpedia.org/resource/Zehlendorf,
116,2581,2591,Zehlendorf,Location,http://de.dbpedia.org/resource/Zehlendorf,
117,273,279,Berlin,Location,http://de.dbpedia.org/resource/Berlin,
117,1276,1279,SPD,Organisation,http://de.dbpedia.org/resource/Sozialdemokratische_Partei_Deutschlands,
117,1575,1578,SPD,Organisation,http://de.dbpedia.org/resource/Sozialdemokratische_Partei_Deutschlands,
117,1734,1737,SPD,Organisation,http://de.dbpedia.org/resource/Sozialdemokratische_Partei_Deutschlands,
117,1382,1390,Eva Högl,Person,http://de.dbpedia.org/resource/Eva_H%C3%B6gl,
117,1340,1343,NSU,Organisation,http://de.dbpedia.org/resource/Nationalsozialistischer_Untergrund,
117,1739,1744,Linke,Organisation,http://de.dbpedia.org/resource/Die_Linke,
117,1746,1749,FDP,Organisation,http://de.dbpedia.org/resource/FDP,
118,1449,1460,Rundfunkrat,Organisation,http://de.dbpedia.org/resource/Rundfunkrat,
118,1540,1551,Rundfunkrat,Organisation,http://de.dbpedia.org/resource/Rundfunkrat,
118,1761,1772,Rundfunkrat,Organisation,http://de.dbpedia.org/resource/Rundfunkrat,
118,1845,1856,Rundfunkrat,Organisation,http://de.dbpedia.org/resource/Rundfunkrat,
118,1956,1962,Bayern,Location,http://de.dbpedia.org/resource/Bayern,
118,2055,2058,ZDF,Organisation,http://de.dbpedia.org/resource/ZDF,
118,74,100,Kunstmäzen Heinz Berggruen,Person,http://de.dbpedia.org/resource/Heinz_Berggruen,
118,125,128,rbb,Organisation,http://de.dbpedia.org/resource/Rundfunk_Berlin-Brandenburg,
118,1360,1363,rbb,Organisation,http://de.dbpedia.org/resource/Rundfunk_Berlin-Brandenburg,
118,1914,1917,rbb,Organisation,http://de.dbpedia.org/resource/Rundfunk_Berlin-Brandenburg,
118,837,848,Brandenburg,Location,http://de.dbpedia.org/resource/Brandenburg,
119,268,278,Lady Gagas,Person,http://de.dbpedia.org/resource/Lady_Gaga,
119,384,394,Lady Gagas,Person,http://de.dbpedia.org/resource/Lady_Gaga,
120,116,126,Haasenburg,Location,http://de.dbpedia.org/resource/Haasenburg,
120,257,260,SED,Organisation,http://de.dbpedia.org/resource/Au%C3%9Fenpolitische_Kommission_(SED),
120,620,653,Berliner Friedhof Seestraße,Location,http://de.dbpedia.org/resource/Urnenfriedhof_Seestra%C3%9Fe,
120,716,745,Bundeskanzlerin Angela Merkel,Person,http://de.dbpedia.org/resource/Angela_Merkel,
120,1045,1048,DDR,Location,http://de.dbpedia.org/resource/Deutsche_Demokratische_Republik,
120,1222,1235,DDR-Regierung,Location,http://de.dbpedia.org/resource/Ministerrat_der_DDR,
120,1361,1367,Berlin,Location,http://de.dbpedia.org/resource/Berlin,
120,1387,1398,Stalinallee,Location,http://de.dbpedia.org/resource/Karl-Marx-Allee,
120,2155,2167,Stadtzentrum,Location,http://de.dbpedia.org/resource/Berlin-Mitte,
121,164,167,ICC,Location,http://de.dbpedia.org/resource/Internationales_Congress_Centrum_Berlin,
121,282,299,Haasenburg-Heimen,Location,http://de.dbpedia.org/resource/Haasenburg,
121,502,519,Potsdamer Landtag,Organisation,http://de.dbpedia.org/resource/Potsdamer_Stadtschloss,
121,653,692,Jugendzentrum der Haasenburg GmbH,Organisation,http://de.dbpedia.org/resource/Haasenburg,
121,697,713,Neuendorf am See,Location,http://de.dbpedia.org/resource/Neuendorf_am_See,
121,1261,1271,Haasenburg,Location,http://de.dbpedia.org/resource/Haasenburg,
121,1642,1652,Haasenburg,Location,http://de.dbpedia.org/resource/Haasenburg,
122,321,327,Berlin,Location,http://de.dbpedia.org/resource/Berlin,
122,387,397,Tiergarten,Location,http://de.dbpedia.org/resource/Berlin-Tiergarten,
122,500,512,Barack Obama,Person,http://de.dbpedia.org/resource/Barack_Obama,
123,4,11,Landtag,Organisation,http://de.dbpedia.org/resource/Landtag,
123,744,752,Ostkreuz,Location,http://de.dbpedia.org/resource/Ostkreuz,
123,607,618,Lichtenberg,Location,http://de.dbpedia.org/resource/Lichtenberg,
123,758,769,Lichtenberg,Location,http://de.dbpedia.org/resource/Lichtenberg,
123,594,602,Ostkreuz,Location,http://de.dbpedia.org/resource/Ostkreuz,
123,811,822,Rummelsburg,Location,http://de.dbpedia.org/resource/Berlin-Rummelsburg,
123,1017,1024,Potsdam,Location,http://de.dbpedia.org/resource/Postdam,
124,561,573,Griechenland,Location,http://de.dbpedia.org/resource/Griechenland,
124,622,625,USA,Location,http://de.dbpedia.org/resource/Vereinigte_Staaten,
125,237,251,Marc Langebeck,Person,http://de.dbpedia.org/resource/Marc_Langebeck,
126,84,100,Kraftwerk Moabit,Organisation,http://de.dbpedia.org/resource/Kraftwerk_Berlin-Moabit,
126,669,679,Bebelplatz,Location,http://de.dbpedia.org/resource/Bebelplatz,
126,889,899,Schöneberg,Location,http://de.dbpedia.org/resource/Sch%C3%B6neberg,
126,915,944,Sozialdemokrat Julius Leber,Person,http://de.dbpedia.org/resource/Julius_Leber,
126,1098,1136,Friedhof der Nervenklinik in Wittenau,Location,http://de.dbpedia.org/resource/Bahnhof_Berlin_Karl-Bonhoeffer-Nervenklinik,
126,1400,1440,Schriftstellerin Elfriede Brüning,Person,http://de.dbpedia.org/resource/Elfriede_Br%C3%BCning,
126,1520,1550,Opernplatz in Berlin,Location,http://de.dbpedia.org/resource/Bebelplatz,
126,275,281,Berlin,Location,http://de.dbpedia.org/resource/Berlin,
126,581,587,Berlin,Location,http://de.dbpedia.org/resource/Berlin,
126,811,817,Berlin,Location,http://de.dbpedia.org/resource/Berlin,
127,21,28,Spandau,Location,http://de.dbpedia.org/resource/Spandau,
127,110,128,Staatsanwaltschaft,Organisation,http://de.dbpedia.org/resource/Staatsanwaltschaft_(Deutschland),
127,200,242,Star-Architekten Meinhard von Gerkan,Person,http://de.dbpedia.org/resource/Meinhard_von_Gerkan,
127,2570,2582,Herr Mehdorn,Person,http://de.dbpedia.org/resource/Hartmut_Mehdorn,
127,296,299,BER,Location,http://de.dbpedia.org/resource/BER,
127,2780,2792,Herr Mehdorn,Person,http://de.dbpedia.org/resource/Hartmut_Mehdorn,
127,765,768,BER,Location,http://de.dbpedia.org/resource/BER,
127,3040,3055,Hartmut Mehdorn,Person,http://de.dbpedia.org/resource/Hartmut_Mehdorn,
127,309,338,Flughafenchef Hartmut Mehdorn,Person,http://de.dbpedia.org/resource/Hartmut_Mehdorn,
127,378,393,Hartmut Mehdorn,Person,http://de.dbpedia.org/resource/Hartmut_Mehdorn,
127,741,753,Chef Mehdorn,Person,http://de.dbpedia.org/resource/Hartmut_Mehdorn,
127,1310,1317,Mehdorn,Person,http://de.dbpedia.org/resource/Hartmut_Mehdorn,
127,941,948,Mehdorn,Person,http://de.dbpedia.org/resource/Hartmut_Mehdorn,
127,1561,1568,Mehdorn,Person,http://de.dbpedia.org/resource/Hartmut_Mehdorn,
127,2141,2148,Mehdorn,Person,http://de.dbpedia.org/resource/Hartmut_Mehdorn,
127,2291,2298,Mehdorn,Person,http://de.dbpedia.org/resource/Hartmut_Mehdorn,
127,2336,2341,Senat,Organisation,http://de.dbpedia.org/resource/Senat,
128,5,48,Ex-Ministerpräsident Manfred Stolpe,Person,http://de.dbpedia.org/resource/Manfred_Stolpe,
128,79,93,Hasso Plattner,Person,http://de.dbpedia.org/resource/Hasso_Plattner,
128,114,120,Murphy,Person,http://de.dbpedia.org/resource/Philip_D._Murphy,
128,633,639,Murphy,Person,http://de.dbpedia.org/resource/Philip_D._Murphy,
128,1691,1697,Murphy,Person,http://de.dbpedia.org/resource/Philip_D._Murphy,
128,275,292,Phillip D. Murphy,Person,http://de.dbpedia.org/resource/Philip_D._Murphy,
128,504,517,Philip Murphy,Person,http://de.dbpedia.org/resource/Philip_D._Murphy,
128,314,320,Berlin,Location,http://de.dbpedia.org/resource/Berlin,
128,909,915,Berlin,Location,http://de.dbpedia.org/resource/Berlin,
128,1090,1096,Berlin,Location,http://de.dbpedia.org/resource/Berlin,
128,1606,1612,Berlin,Location,http://de.dbpedia.org/resource/Berlin,
128,2167,2173,Berlin,Location,http://de.dbpedia.org/resource/Berlin,
128,2280,2286,Berlin,Location,http://de.dbpedia.org/resource/Berlin,
128,926,937,Deutschland,Location,http://de.dbpedia.org/resource/Deutschland,
128,2371,2382,Deutschland,Location,http://de.dbpedia.org/resource/Deutschland,
128,951,968,Frankfurt am Main,Location,http://de.dbpedia.org/resource/Frankfurt_am_Main,
128,1350,1367,Frankfurt am Main,Location,http://de.dbpedia.org/resource/Frankfurt_am_Main,
128,983,990,Harvard,Organisation,http://de.dbpedia.org/resource/Harvard,
128,1382,1389,Harvard,Organisation,http://de.dbpedia.org/resource/Harvard,
128,1488,1493,Obama,Person,http://de.dbpedia.org/resource/Barack_Obama,
128,2001,2006,Obama,Person,http://de.dbpedia.org/resource/Barack_Obama,
128,1844,1864,Angela Teflon Merkel,Person,http://de.dbpedia.org/resource/Angela_Merkel,
129,94,100,Berlin,Location,http://de.dbpedia.org/resource/Berlin,
129,435,441,Berlin,Location,http://de.dbpedia.org/resource/Berlin,
129,590,596,Berlin,Location,http://de.dbpedia.org/resource/Berlin,
129,839,845,Berlin,Location,http://de.dbpedia.org/resource/Berlin,
129,331,342,Brandenburg,Location,http://de.dbpedia.org/resource/Brandenburg,
129,477,488,Brandenburg,Location,http://de.dbpedia.org/resource/Brandenburg,
129,1120,1131,Brandenburg,Location,http://de.dbpedia.org/resource/Brandenburg,
129,980,996,Senator Nussbaum,Person,http://de.dbpedia.org/resource/Ulrich_Nu%C3%9Fbaum,
130,95,111,Leipziger Straße,Location,http://de.dbpedia.org/resource/Leipziger_Platz,
130,123,135,Berlin-Mitte,Location,http://de.dbpedia.org/resource/Berlin-Mitte,
130,123,129,Berlin,Location,http://de.dbpedia.org/resource/Berlin,
130,447,453,Berlin,Location,http://de.dbpedia.org/resource/Berlin,
130,1774,1780,Berlin,Location,http://de.dbpedia.org/resource/Berlin,
130,2453,2459,Berlin,Location,http://de.dbpedia.org/resource/Berlin,
130,598,601,BER,Location,http://de.dbpedia.org/resource/BER,
130,603,613,Staatsoper,Location,http://de.dbpedia.org/resource/Staatsoper,
130,618,621,U-5,Location,http://de.dbpedia.org/resource/U-Bahnline_5_(Berlin),
130,735,741,Müller,Person,http://de.dbpedia.org/resource/Michael_M%C3%BCller_(Berlin),
130,1179,1185,Müller,Person,http://de.dbpedia.org/resource/Michael_M%C3%BCller_(Berlin),
130,2934,2942,Nussbaum,Person,http://de.dbpedia.org/resource/Ulrich_Nu%C3%9Fbaum,
130,2030,2036,Müller,Person,http://de.dbpedia.org/resource/Michael_M%C3%BCller_(Berlin),
130,663,669,Pankow,Location,http://de.dbpedia.org/resource/Pankow,
130,1654,1702,Tempelhofer Feld,Location,http://de.dbpedia.org/resource/Tempelhofer_Feld,
130,1716,1732,Landesbibliothek,Location,http://de.dbpedia.org/resource/Zentral-_und_Landesbibliothek_Berlin,
130,2847,2850,ZLB,Location,http://de.dbpedia.org/resource/Zentral-_und_Landesbibliothek_Berlin,
131,56,61,Lauer,Person,http://de.dbpedia.org/resource/Christopher_Lauer,
131,170,186,Piraten-Fraktion,Organisation,http://de.dbpedia.org/resource/Piratenpartei,
131,305,311,Berlin,Location,http://de.dbpedia.org/resource/Berlin,
131,1477,1483,Berlin,Location,http://de.dbpedia.org/resource/Berlin,
131,2269,2275,Berlin,Location,http://de.dbpedia.org/resource/Berlin,
131,2311,2317,Berlin,Location,http://de.dbpedia.org/resource/Berlin,
131,1516,1526,Vattenfall,Organisation,http://de.dbpedia.org/resource/Vattenfall,
131,1583,1586,SPD,Organisation,http://de.dbpedia.org/resource/Sozialdemokratische_Partei_Deutschlands,
131,1925,1937,Niederlanden,Location,http://de.dbpedia.org/resource/Niederlande,
132,383,392,Kreuzberg,Location,http://de.dbpedia.org/resource/Berlin-Kreuzberg,
132,397,402,Mitte,Location,http://de.dbpedia.org/resource/Berlin-Mitte,
132,445,455,Vattenfall,Organisation,http://de.dbpedia.org/resource/Vattenfall,
132,994,1005,Campus Buch,Location,http://de.dbpedia.org/resource/Campus_Berlin-Buch,
132,1059,1080,Max Delbrück Centrums,Location,http://de.dbpedia.org/resource/Max-Delbr%C3%BCck-Centrum_f%C3%BCr_Molekulare_Medizin,
132,1118,1140,Physiologen Max Rubner,Person,http://de.dbpedia.org/resource/Max_Rubner,
132,1277,1291,Johanna Quandt,Person,http://de.dbpedia.org/resource/Johanna_Quandt,
133,340,372,Deutschen Gewerkschaftsbundes,Organisation,http://de.dbpedia.org/resource/Deutscher_Gewerkschaftsbund,
133,374,377,DGB,Organisation,http://de.dbpedia.org/resource/Deutscher_Gewerkschaftsbund,
133,144,150,Berlin,Location,http://de.dbpedia.org/resource/Berlin,
133,383,389,Berlin,Location,http://de.dbpedia.org/resource/Berlin,
133,415,421,Berlin,Location,http://de.dbpedia.org/resource/Berlin,
133,390,401,Brandenburg,Location,http://de.dbpedia.org/resource/Brandenburg,
133,426,437,Brandenburg,Location,http://de.dbpedia.org/resource/Brandenburg,
133,470,479,IG Metall,Organisation,http://de.dbpedia.org/resource/IG_Metall,
134,486,503,Präsidenten Obama,Person,http://de.dbpedia.org/resource/Barack_Obama,
134,222,228,Berlin,Location,http://de.dbpedia.org/resource/Berlin,
134,686,693,Potsdam,Location,http://de.dbpedia.org/resource/Postdam,
134,458,464,Berlin,Location,http://de.dbpedia.org/resource/Berlin,
134,819,833,Park Sanssouci,Location,http://de.dbpedia.org/resource/Sanssouci,
134,442,448,Murphy,Person,http://de.dbpedia.org/resource/Philip_D._Murphy,
134,676,682,Murphy,Person,http://de.dbpedia.org/resource/Philip_D._Murphy,
134,413,416,USA,Location,http://de.dbpedia.org/resource/Vereinigte_Staaten,
134,904,947,Ex-Ministerpräsident Manfred Stolpe,Person,http://de.dbpedia.org/resource/Manfred_Stolpe,
134,307,335,US-Botschafter Philip Murphy,Person,http://de.dbpedia.org/resource/Philip_D._Murphy,
134,368,379,Deutschland,Location,http://de.dbpedia.org/resource/Deutschland,
135,2024,2027,FDP,Organisation,http://de.dbpedia.org/resource/FDP,
135,142,153,Brandenburg,Location,http://de.dbpedia.org/resource/Brandenburg,
135,235,242,Landtag,Organisation,http://de.dbpedia.org/resource/Landtag,
135,372,385,Flughafen BER,Location,http://de.dbpedia.org/resource/Flughafen_Berlin_Brandenburg,
135,438,447,Tempelhof,Location,http://de.dbpedia.org/resource/Tempelhof,
135,477,482,Tegel,Location,http://de.dbpedia.org/resource/Flughafen_Berlin-Tegel,
135,584,589,Tegel,Location,http://de.dbpedia.org/resource/Flughafen_Berlin-Tegel,
135,812,817,Tegel,Location,http://de.dbpedia.org/resource/Flughafen_Berlin-Tegel,
135,999,1004,Tegel,Location,http://de.dbpedia.org/resource/Flughafen_Berlin-Tegel,
135,1896,1901,Tegel,Location,http://de.dbpedia.org/resource/Flughafen_Berlin-Tegel,
135,2249,2254,Tegel,Location,http://de.dbpedia.org/resource/Flughafen_Berlin-Tegel,
135,564,569,Senat,Organisation,http://de.dbpedia.org/resource/Senat,
135,847,852,Senat,Organisation,http://de.dbpedia.org/resource/Senat,
135,1311,1316,Senat,Organisation,http://de.dbpedia.org/resource/Senat,
136,692,710,Parks Sanssouci,Location,http://de.dbpedia.org/resource/Sanssouci,
136,866,889,Berliner Stadtschlosses,Organisation,http://de.dbpedia.org/resource/Berliner_Stadtschloss,
136,845,851,Berlin,Location,http://de.dbpedia.org/resource/Berlin,
136,1397,1403,Berlin,Location,http://de.dbpedia.org/resource/Berlin,
136,1108,1110,U5,Location,http://de.dbpedia.org/resource/U-Bahnlinie_5_(Berlin),
137,72,87,Leipziger Platz,Location,http://de.dbpedia.org/resource/Leipziger_Platz,
137,746,774,Landkreis Potsdam-Mittelmark,Location,http://de.dbpedia.org/resource/Landkreis_Potsdam-Mittelmark,
137,1028,1039,Deutschland,Location,http://de.dbpedia.org/resource/Deutschland,
137,1125,1136,Deutschland,Location,http://de.dbpedia.org/resource/Deutschland,
137,756,763,Potsdam,Location,http://de.dbpedia.org/resource/Postdam,
137,1315,1322,Potsdam,Location,http://de.dbpedia.org/resource/Postdam,
137,1247,1258,Brandenburg,Location,http://de.dbpedia.org/resource/Brandenburg,
137,1371,1382,Brandenburg,Location,http://de.dbpedia.org/resource/Brandenburg,
137,2759,2770,Brandenburg,Location,http://de.dbpedia.org/resource/Brandenburg,
137,1606,1613,Spanien,Location,http://de.dbpedia.org/resource/Spanien,
137,1774,1780,Werder,Location,http://de.dbpedia.org/resource/Werder,
137,2485,2507,Gartenbau Brandenburgs,Location,http://de.dbpedia.org/resource/Brandenburg,
138,598,601,BER,Location,http://de.dbpedia.org/resource/Flughafen_Berlin_Brandenburg,
138,334,348,BER-Flughafens,Location,http://de.dbpedia.org/resource/Flughafen_Berlin_Brandenburg,
138,751,811,Sport- und Erholungszentrums,Location,http://de.dbpedia.org/resource/Sport-_und_Erholungszentrum,
138,819,825,Berlin,Location,http://de.dbpedia.org/resource/Berlin,
138,812,815,SEZ,Location,http://de.dbpedia.org/resource/Sport-_und_Erholungszentrum,
138,1108,1111,SEZ,Location,http://de.dbpedia.org/resource/Sport-_und_Erholungszentrum,
138,1119,1136,Landsberger Allee,Location,http://de.dbpedia.org/resource/Landsberger_Allee,
139,281,292,Deutschland,Location,http://de.dbpedia.org/resource/Deutschland,
139,92,101,Volksbund,Organisation,http://de.dbpedia.org/resource/Volksbund_Deutsche_Kriegsgr%C3%A4berf%C3%BCrsorge,
139,83,87,Land,Organisation,http://de.dbpedia.org/resource/Landbund_(Deutschland),
140,1513,1518,Halbe,Location,http://de.dbpedia.org/resource/Halbe,
140,296,311,Hartmut Mehdorn,Person,http://de.dbpedia.org/resource/Hartmut_Mehdorn,
140,502,524,Oberverwaltungsgericht,Organisation,http://de.dbpedia.org/resource/Oberverwaltungsgericht_Berlin-Brandenburg,
140,774,782,Neukölln,Location,http://de.dbpedia.org/resource/Berlin-Neuk%C3%B6lln,
140,1112,1153,brandenburgische Verfassungsschutz,Organisation,http://de.dbpedia.org/resource/Verfassungsschutz_Brandenburg,
140,1331,1334,NPD,Organisation,http://de.dbpedia.org/resource/Nationaldemokratische_Partei_Deutschlands,
140,1524,1549,Landkreis Dahme-Spreewald,Location,http://de.dbpedia.org/resource/Nationaldemokratische_Partei_Deutschlands,
140,1565,1574,Volksbund,Organisation,http://de.dbpedia.org/resource/Volksbund_Deutsche_Kriegsgr%C3%A4berf%C3%BCrsorge,
140,1737,1746,Volksbund,Organisation,http://de.dbpedia.org/resource/Volksbund_Deutsche_Kriegsgr%C3%A4berf%C3%BCrsorge,
140,1728,1732,Land,Organisation,http://de.dbpedia.org/resource/Landbund_(Deutschland),
141,49,53,Alex,Location,http://de.dbpedia.org/resource/Berlin_Alexanderplatz,
141,213,217,Alex,Location,http://de.dbpedia.org/resource/Berlin_Alexanderplatz,
141,820,827,Potsdam,Location,http://de.dbpedia.org/resource/Postdam,
141,755,805,Gesundheitsstaatssekretärin Hartwig-Tiedt,Person,http://de.dbpedia.org/resource/Almuth_Hartwig-Tiedt,
141,1177,1188,Luckenwalde,Location,http://de.dbpedia.org/resource/Luckenwalde,
141,1193,1209,Frankfurt (Oder),Location,http://de.dbpedia.org/resource/Frankfurt_(Oder),
141,1216,1249,Internationale Olympische Komitee,Organisation,http://de.dbpedia.org/resource/Internationales_Olympisches_Komitee,
142,1353,1375,Staatssekretär Gaebler,Person,http://de.dbpedia.org/resource/Christian_Gaebler,
142,107,113,Berlin,Location,http://de.dbpedia.org/resource/Berlin,
142,389,395,Berlin,Location,http://de.dbpedia.org/resource/Berlin,
142,1591,1611,Spreebogen in Moabit,Location,http://de.dbpedia.org/resource/Spree-Bogen,
142,464,470,Berlin,Location,http://de.dbpedia.org/resource/Berlin,
142,1632,1647,Altkanzler Kohl,Person,http://de.dbpedia.org/resource/Helmuth_Kohl,
142,238,252,Konzern Veolia,Organisation,http://de.dbpedia.org/resource/Veolia_Verkehr,
142,423,428,Senat,Organisation,http://de.dbpedia.org/resource/Senat_von_Berlin,
142,682,696,Berliner Senat,Organisation,http://de.dbpedia.org/resource/Senat_von_Berlin,
142,502,523,Finanzsenator Nußbaum,Person,http://de.dbpedia.org/resource/Ulrich_Nu%C3%9Fbaum,
142,599,602,RWE,Organisation,http://de.dbpedia.org/resource/RWE,
142,706,729,Berliner Wasserbetriebe,Organisation,http://de.dbpedia.org/resource/Berliner_Wasserbetriebe,
143,38,46,Prignitz,Location,http://de.dbpedia.org/resource/Prignitz,
143,176,182,Berlin,Location,http://de.dbpedia.org/resource/Berlin,
143,1544,1550,Berlin,Location,http://de.dbpedia.org/resource/Berlin,
143,1769,1775,Berlin,Location,http://de.dbpedia.org/resource/Berlin,
143,1927,1933,Berlin,Location,http://de.dbpedia.org/resource/Berlin,
143,648,657,Tempelhof,Location,http://de.dbpedia.org/resource/Flughafen_Berlin-Tempelhof,
143,323,342,Flughafen Tempelhof,Location,http://de.dbpedia.org/resource/Flughafen_Berlin-Tempelhof,
143,1714,1722,Maserati,Organisation,http://de.dbpedia.org/resource/Maserati,
144,348,381,Arnsnesta an der Schwarzen Elster,Location,http://de.dbpedia.org/resource/Arnsnesta,
144,551,559,Herzberg,Location,http://de.dbpedia.org/resource/Herzberg,
144,694,716,Südwesten Brandenburgs,Location,http://de.dbpedia.org/resource/Brandenburg,
145,432,439,Libanon,Location,http://de.dbpedia.org/resource/Libanon,
145,101,111,Schöneberg,Location,http://de.dbpedia.org/resource/Sch%C3%B6neberg,
145,146,155,Paul Kuhn,Person,http://de.dbpedia.org/resource/Paul_Kuhn_(St._Michaelsvereinigung),
145,287,290,rbb,Organisation,http://de.dbpedia.org/resource/Rundfunk_Berlin-Brandenburg,
145,334,349,Flughafen Tegel,Location,http://de.dbpedia.org/resource/Flughafen_Berlin-Tegel,
145,630,635,Linow,Location,http://de.dbpedia.org/resource/Linow,
145,878,885,Polizei,Location,http://de.dbpedia.org/resource/Polizei,
145,978,995,Museums Berggruen,Location,http://de.dbpedia.org/resource/Museum_Berggruen,
145,1145,1152,Picasso,Person,http://de.dbpedia.org/resource/Pablo_Picasso,
145,1294,1320,Kunstmäzen Heinz Berggruen,Person,http://de.dbpedia.org/resource/Heinz_Berggruen,
145,1154,1158,Klee,Person,http://de.dbpedia.org/resource/Paul_Klee,
145,1163,1170,Matisse,Person,http://de.dbpedia.org/resource/Henri_Matisse,
146,737,748,Brandenburg,Location,http://de.dbpedia.org/resource/Brandenburg,
146,1029,1036,Potsdam,Location,http://de.dbpedia.org/resource/Postdam,
146,1156,1165,Kreuzberg,Location,http://de.dbpedia.org/resource/Berlin-Kreuzberg,
146,1442,1454,Oranienplatz,Location,http://de.dbpedia.org/resource/Oranienplatz,
147,542,553,Finow-Kanal,Location,http://de.dbpedia.org/resource/Finowkanal,
147,934,941,München,Location,http://de.dbpedia.org/resource/M%C3%BCnchen,
147,982,1011,Konzerthaus am Gendarmenmarkt,Location,http://de.dbpedia.org/resource/Schauspielhaus_Berlin,
147,729,736,Potsdam,Location,http://de.dbpedia.org/resource/Postdam,
148,55,77,Potsdamer Landgericht,Organisation,http://de.dbpedia.org/resource/Landgericht_Potsdam,
148,118,146,Haus der Berliner Festspiele,Location,http://de.dbpedia.org/resource/Haus_der_Berliner_Festspiele,
148,799,805,Berlin,Location,http://de.dbpedia.org/resource/Berlin,
148,871,881,Volksbühne,Location,http://de.dbpedia.org/resource/Freie_Volksb%C3%BChne,
149,1510,1530,Berliner Domkantorei,Organisation,http://de.dbpedia.org/resource/Berliner_Domkantorei,
149,1578,1590,Berliner Dom,Location,http://de.dbpedia.org/resource/Berliner_Dom,
149,910,916,Berlin,Location,http://de.dbpedia.org/resource/Berlin,
149,656,677,Deutschen Roten Kreuz,Organisation,http://de.dbpedia.org/resource/Deutsches_Rotes_Kreuz,
149,1342,1353,Brandenburg,Location,http://de.dbpedia.org/resource/Brandenburg,
150,117,120,RBB,Organisation,http://de.dbpedia.org/resource/Rundfunk_Berlin-Brandenburg,
150,50,57,Cottbus,Location,http://de.dbpedia.org/resource/Cottbus,
150,212,216,Elbe,Location,http://de.dbpedia.org/resource/Elbe,
150,782,786,Elbe,Location,http://de.dbpedia.org/resource/Elbe,
150,1470,1474,Elbe,Location,http://de.dbpedia.org/resource/Elbe,
150,1550,1554,Elbe,Location,http://de.dbpedia.org/resource/Elbe,
150,257,265,Prignitz,Location,http://de.dbpedia.org/resource/Prignitz,
150,1430,1438,Prignitz,Location,http://de.dbpedia.org/resource/Prignitz,
150,270,281,Wittenberge,Location,http://de.dbpedia.org/resource/Wittenberge,
150,403,414,Wittenberge,Location,http://de.dbpedia.org/resource/Wittenberge,